SYMBOL,metap,metafc,idx,k_valid,FDR
CERS1,2.236873703843348e-31,0.9568606969592917,29.3281234307305,3,1.4763366445366098e-29
CDH23,5.193008450412438e-30,0.9595067741920208,28.098753820752947,3,2.856154647726841e-28
GYPC,9.714741610544832e-34,0.8085040853286426,26.690796698438987,3,1.6029323657398974e-31
TGFB1,4.150209355428704e-32,0.8445946783997923,26.505011071647182,3,3.423922718228681e-30
TAC1,5.046598757529991e-17,-1.5293662503915832,-24.924083653908937,3,3.9651847380592783e-16
PPEF1,1.7449014299118347e-18,-1.30495275577588,-23.173650003647158,3,1.69358079962031e-17
LRP5,3.148990469843776e-27,0.8542115209731447,22.638167362861594,3,1.2989585688105576e-25
CD37,2.1927070687664996e-27,0.8120254542769403,21.64780232532785,3,1.0337047609899213e-25
ZWILCH,1.391190805354086e-26,-0.8079497496050537,-20.890844242445155,3,4.5909296576684835e-25
ADCYAP1,4.912937441914581e-16,-1.305475251187566,-19.9850751476898,3,3.1178256842919453e-15
FOXJ1,2.8457913142535293e-12,1.7268488047302575,19.937845663610094,4,7.958568929692073e-12
CHML,1.953288374487636e-26,-0.7588755559856272,-19.510108968530904,4,5.859865123462908e-25
ID3,6.945001444649598e-25,0.7957675522858758,19.224413268990133,3,1.7629619051802825e-23
EMP3,1.1398164708070332e-24,0.8004593062889797,19.165529303564803,3,2.507596235775473e-23
GAREM2,4.986952984433881e-18,1.1043519249772107,19.10767892161474,3,4.571373569064391e-17
SMO,1.4965867429058848e-23,0.8344073267582642,19.045262212300635,3,2.5993348692575894e-22
SELPLG,3.6399300186925505e-25,0.7751921378094305,18.94484853671322,3,1.0009807551404514e-23
HSPB1,1.5157582528747638e-18,1.062200690036358,18.927747172126427,4,1.515758252874764e-17
ASAH2B,1.420584868768988e-23,-0.8242386407362232,-18.831819392013795,3,2.5993348692575894e-22
AIFM3,6.769980939774706e-22,0.887105176588189,18.779495462008494,3,9.713450913589796e-21
MAS1,7.285918957640143e-13,-1.5091999700071526,-18.317938275752205,4,2.2470591177768665e-12
KANK2,1.7953938948030203e-22,0.8246682443916632,17.933103906703085,4,2.821333263261889e-21
SMOX,1.0043714671370739e-24,0.7414600076084239,17.793635585613647,3,2.3674470296802458e-23
MT1F,7.578698688894623e-17,1.1032387521106444,17.784655891902972,3,5.557712371856056e-16
NECAB1,4.7768062154736596e-20,-0.9172376018139365,-17.721821471410422,3,5.629807325379671e-19
ADAMTS2,4.697644946747031e-20,0.8953896794389028,17.306199001531123,4,5.629807325379671e-19
FGF9,3.701048306349882e-15,-1.1796395754549591,-17.02417526079656,3,1.6963138070770294e-14
LYRM9,2.842692805890547e-17,-1.016205522835587,-16.814411027036037,3,2.3452215648597016e-16
FZD9,2.0250362192050894e-21,0.8105076614261719,16.77229476165958,3,2.784424801406998e-20
TCEAL7,4.133043474569418e-24,-0.7170365001187108,-16.76698793788418,3,8.022966744752398e-23
PRELP,1.5426857633693912e-20,0.842520825296948,16.691788815125097,4,1.9580242381226888e-19
CDK2AP1,2.2765794031268276e-19,0.8646990373686495,16.12033961474916,3,2.423455493651139e-18
VGF,1.199651846917014e-11,-1.46941943079552,-16.04744845214445,3,3.1419453133540847e-11
CCDC102A,1.1236880014677245e-15,1.0289315731830655,15.381862593136734,4,6.180284008072485e-15
TRIP10,1.094402678259864e-15,1.0188964921511237,15.243529924414599,3,6.121235319080596e-15
UBLCP1,5.4090786246981645e-20,-0.7895214469896072,-15.211612375687347,3,6.1551584350013595e-19
ZNF365,3.678308927667355e-24,-0.6473318692783846,-15.169802755222793,3,7.586512163313919e-23
NEUROD6,2.1490987368659967e-13,-1.189635112096668,-15.069992614586635,5,7.534794241659356e-13
PCYOX1L,2.0002625175508651e-16,-0.954896054329987,-14.99083008394426,3,1.3471155730444603e-15
AEBP1,2.081200904942943e-16,0.955442481368977,14.98294897809634,4,1.3735925972623423e-15
SIPA1,6.161260287706593e-22,0.7059338778186107,14.973090819919374,3,9.24189043155989e-21
PYGM,1.4938012012341645e-15,1.0026324888763192,14.864735704937152,3,7.70241244386366e-15
APLN,2.046501053409611e-15,0.9849328135924584,14.467666306723201,3,1.0215298932595107e-14
PCSK1,1.8964929403969136e-10,-1.4869169829947566,-14.455879425019063,3,3.9361174234652926e-10
RPH3A,7.490152772920465e-14,-1.0888035771093678,-14.291101503486034,4,2.874128389609016e-13
ALOX15B,3.222061622838866e-10,1.5032169795498533,14.26833437606875,3,6.36694811698698e-10
PLGLB1,3.408050407070644e-35,-0.4136390723717489,-14.257102241162478,3,1.1246566343333125e-32
LRP4,8.94038774049491e-21,0.7097166889743074,14.22885698661236,3,1.1801311817453282e-19
GPR22,4.496186312589391e-17,-0.8589276455915561,-14.041023958213593,4,3.618881666230485e-16
SST,2.4955704759758363e-10,-1.4577269853724633,-13.998304661584456,3,5.115144453863515e-10
SOWAHB,6.438537990840438e-13,-1.1452172639537104,-13.961587295392281,3,2.0429976317089848e-12
PRKX,1.0017773227651e-15,0.9294805838192677,13.941491945264795,3,5.7997634475874215e-15
RAB3C,3.04408199556622e-15,-0.9573133830689138,-13.896881515459947,4,1.414855012023736e-14
SLC6A12,5.36714067007843e-15,0.9702582256292127,13.845834257363013,3,2.3934546231430838e-14
NEAT1,1.9948406386587772e-13,1.0870074646490304,13.805094580683527,3,7.078466782337597e-13
MDGA1,1.4237561510049248e-15,0.9289452035679946,13.791644776433765,3,7.4577703147877e-15
CCDC40,8.318089725595484e-18,0.7927277706267327,13.539771613371748,3,7.223604235385552e-17
FGF12,9.438647107021521e-17,-0.8440796060741504,-13.52645186640685,3,6.771203359385004e-16
WFIKKN1,6.6148412146766725e-15,0.939297695125431,13.3187534234242,3,2.872233685320134e-14
ITGAX,1.016442379722319e-14,0.9436216817926442,13.204020095132554,3,4.300333144979042e-14
NAP1L5,6.0494220955297895e-15,-0.9127428805250956,-12.977639421764932,4,2.6617457220331077e-14
CAPS,6.547520088622704e-16,0.8425110376816466,12.792622857972342,3,4.001262276380541e-15
CARTPT,2.5012225677672413e-9,-1.4869416499282,-12.790445554173118,3,4.127017236815948e-9
LILRA2,1.050336885948048e-14,0.8977434665303267,12.54926090450722,3,4.3874831944665296e-14
YWHAZ,7.511781292736676e-18,-0.7223732676078104,-12.370105531503444,3,6.699696828657036e-17
SAMD4A,1.9816636962344527e-14,0.9019516771431337,12.359416815511892,3,8.073444688362585e-14
MRGPRF,3.468415106419156e-13,0.9881900512934527,12.312718517943503,4,1.1561383688063854e-12
HTR3B,3.8044031357470994e-13,-0.9910514404913954,-12.308574923976344,3,1.2554530347965427e-12
GFAP,1.0325878793087546e-15,0.819087177775686,12.27490022073774,4,5.8750689684808444e-15
PLCXD3,4.623621566141468e-15,-0.8522428034428803,-12.216915688446477,3,2.0901302970228557e-14
PPP1R1A,6.344227908456902e-17,0.7477831938321482,12.112308931309165,3,4.809385526642759e-16
PIK3R5,3.364468245197994e-16,0.7822777012953527,12.10424824422426,4,2.1770088645398788e-15
FOXO4,4.5029996265223904e-13,0.9740681511396303,12.026330566657059,3,1.4568528203454793e-12
FGFRL1,1.2151572363776388e-15,0.7996342840580388,11.926839230316377,3,6.573801442698702e-15
PDE1A,8.254288100861009e-16,-0.7883270143388017,-11.890588919066996,3,4.9525728605166055e-15
ABCC12,2.0887154827221536e-11,-1.0927180542645483,-11.670360725930502,3,5.3021239176793124e-11
ZIC2,1.15280209211673e-13,0.8961948042581999,11.595188163919303,3,4.274434723578887e-13
COL6A2,7.95319876486376e-15,0.8007521269232928,11.290171112972468,3,3.408513756370183e-14
ELOVL4,1.7558690780361227e-16,-0.7129148639002333,-11.232335748320379,4,1.2071599911498345e-15
NIPAL2,2.1835517644084165e-15,-0.7612377906153229,-11.160382791930612,3,1.044307365586634e-14
ITGB5,1.482482369732498e-14,0.8069221375195703,11.15893468237061,3,6.115239775146554e-14
TARBP1,8.681695357484897e-13,-0.9185930334603734,-11.079513841267234,3,2.6284031816238683e-12
OLFM3,1.0429698105868134e-10,-1.1073147373740038,-11.052914809326015,3,2.2945335832909898e-10
KLF15,9.294323093836497e-16,0.7339512292870746,11.032595049339971,4,5.4770118231536504e-15
STXBP5L,8.457217794640986e-14,-0.8368342226624139,-10.939743400601964,3,3.17145667299037e-13
SMTN,1.3075848230598892e-11,0.9995283692137367,10.878397120981067,3,3.39766135125798e-11
GABRA4,3.924695050890155e-14,-0.8089237857586217,-10.844589269687342,3,1.560420923847893e-13
MDH1B,1.358166266405776e-12,-0.9068649837406713,-10.761809439632817,3,4.0017398920884474e-12
COL27A1,3.348412800985535e-12,0.9230708488784266,10.59238661122364,3,9.208135202710221e-12
NRN1,2.169107433204966e-13,-0.8347230921897675,-10.570698630036325,4,7.534794241659356e-13
SLFN5,2.1566170508863673e-15,-0.7206466887119013,-10.569167898545466,3,1.044307365586634e-14
PLEKHA4,6.822536632722608e-14,0.7950238516834869,10.467327060948191,3,2.680282248569596e-13
RTN3,1.1444766331777985e-16,-0.6549918239929627,-10.441482123846239,3,8.035686998907946e-16
FAXC,3.4838430547480624e-14,-0.7734790373145497,-10.40943557219624,3,1.4020344000815373e-13
CALB1,8.005620598228774e-11,-1.0276695487554186,-10.375973499990092,3,1.7850370252807402e-10
SIX5,5.866980090089104e-13,0.8467441118042954,10.357022903273652,3,1.8797120676984507e-12
SIGLEC8,3.86075293148955e-11,0.9814275452548226,10.219926927276868,3,9.165816312169435e-11
RGS4,1.1199103553385672e-9,-1.1401968139638958,-10.205692728863914,4,1.9658000918176977e-9
TNS3,1.331337365523057e-13,0.7889235677038666,10.157952552185964,3,4.881570340251209e-13
COL25A1,1.3989664625466822e-11,-0.9331795161172507,-10.128910288582006,4,3.606710411253165e-11
TCEA3,2.4285598688634563e-15,0.6900284347268322,10.084524881837202,4,1.144892509607058e-14
ADAM33,9.502620673634261e-12,0.9119176618105762,10.051299280792344,4,2.528923243789763e-11
HPRT1,7.895165804518492e-14,-0.7668489737239246,-10.047745074712122,4,2.9947180637828763e-13
BCL6,2.0740152378299156e-15,0.681515285479227,10.006817100524206,3,1.0215298932595107e-14
NUPR1,8.125785419761536e-12,0.9023079778839815,10.006716970875004,4,2.1800887711555342e-11
SNX33,6.412514035523678e-17,0.611162458511982,9.896536377251472,3,4.809385526642759e-16
RGS9BP,2.3719052170099694e-13,0.7790125395329628,9.834957490057688,3,8.069368264054535e-13
SLC17A6,2.5322195737432525e-9,-1.14371654370064,-9.83195771074395,3,4.157375419578474e-9
ITFG1,1.3738659445393483e-15,-0.6571803007021977,-9.767050195631336,4,7.31251228545137e-15
CLDN9,2.6933046233838746e-11,0.9213296928410728,9.738191835252993,4,6.583633523827249e-11
STAT4,1.4387801442052275e-10,-0.985642565303681,-9.700699612096063,4,3.1032512914230394e-10
SLC5A3,1.9828927040337108e-23,0.42603831537431747,9.672220396970811,3,3.271772961655623e-22
NAPB,2.410327913500745e-11,-0.9050336613534717,-9.60957851579753,3,6.025819783751862e-11
LAMB1,2.657379002082165e-10,-0.9992634853252716,-9.56849397048357,3,5.413179448685892e-10
SYT16,2.1232922330079597e-12,-0.819653432151994,-9.56780650458774,3,6.040400318039885e-12
MDH1,4.023649486879488e-11,-0.9133713901441359,-9.49484255298372,3,9.450099403864313e-11
ZNF441,4.179857163664681e-13,-0.7653621492820253,-9.474294485067821,3,1.365695904959747e-12
MCF2,9.969051676939701e-13,-0.7880499508622162,-9.457660245937367,3,2.9907155030819104e-12
ICA1,2.8854985269837287e-12,-0.815181869225416,-9.407018732286465,3,8.001802637854037e-12
SYT4,2.7450947377040156e-10,-0.9834942447066737,-9.40362382990077,3,5.557553763449847e-10
PIDD1,2.3693910018828874e-13,0.7445060900790729,9.3996598403834,3,8.069368264054535e-13
CSF1,1.9460256942752335e-12,0.801791822177722,9.389664907183484,3,5.584247644441974e-12
BDNF,1.2126162147559939e-10,-0.946829382542999,-9.389022077573278,3,2.650088416354159e-10
SERPINF2,6.852736380196984e-11,0.919939005847198,9.350385144004115,3,1.5383693914727923e-10
TRAM1L1,1.5382418268278152e-13,-0.7270494780572264,-9.315667065137104,3,5.517606552751945e-13
HSPB7,1.0798703711723964e-11,0.8390945816523734,9.20203844809831,4,2.8508577798951267e-11
GABRB2,1.7628300949070911e-10,-0.934264166671493,-9.112616060078851,3,3.7531221375441294e-10
POU3F4,1.4610414663312323e-10,0.9236184590283268,9.084099227006014,3,3.130803142138355e-10
JMJD6,1.6303410494809067e-12,0.7680045491748687,9.053023764397171,3,4.719408301128941e-12
VIM,7.919585008822878e-12,0.8132330698138642,9.027942305928043,3,2.1421828302553685e-11
SLC27A2,7.316055496041746e-10,-0.9660708187395712,-8.825755406924358,3,1.3265375349965804e-9
DNAJC5G,7.997714383690949e-13,-0.72810455185254,-8.80790559908248,4,2.443746061683345e-12
RXRA,7.150640186692796e-13,0.7092162988821257,8.613896539569248,3,2.2470591177768665e-12
NEK10,2.124049843650029e-11,-0.8028792033292383,-8.56899749985659,3,5.350659911484806e-11
ELAVL2,4.6788508757742916e-11,-0.8261582982081082,-8.53410021628941,3,1.0722366590316084e-10
PRX,6.166025531351432e-10,0.9104593375429842,8.385325656351318,4,1.1561297871283934e-9
SERPINI1,4.9836608035842026e-11,-0.8110709861393062,-8.356019517355142,4,1.1342124587467497e-10
PAK3,4.253288082845784e-11,-0.8048637990318867,-8.347463958875995,3,9.88440188266978e-11
ATP6V1G2,1.5987478592116564e-9,-0.94539501730184,-8.31590258182835,3,2.7622345211510294e-9
CLDN15,1.8105162257705914e-10,0.8520378756535917,8.3007213291536,3,3.829938169899328e-10
BEX4,1.236660475870954e-12,-0.6965386940710513,-8.294208299430927,3,3.676558171508241e-12
SERTM1,2.445218124996772e-9,-0.9608231296993164,-8.274303629486441,3,4.096050666238247e-9
PFN2,2.799738342639763e-12,-0.7122232563317623,-8.228231633314927,3,7.896697889496768e-12
SCG2,1.4162539433073666e-10,-0.8318593095884033,-8.192864938094129,4,3.07476185060152e-10
LATS2,3.296339176521777e-11,0.7750319996211247,8.123860702695904,3,7.940087067534206e-11
PPM1E,4.861025044200111e-10,-0.8712968414391246,-8.114624600279395,3,9.272475517838363e-10
MAFF,5.015926158123961e-9,0.9775004198006679,8.112910250311865,3,7.807809585758996e-9
OTOGL,5.636573142096135e-10,-0.8761902530528654,-8.103870378895781,3,1.062896649652414e-9
RRAD,1.1148090621748366e-7,1.159197357452803,8.059666818435145,3,1.4095286993015174e-7
CYP4X1,1.6543278843494085e-11,-0.7463464459419159,-8.046643458649683,3,4.232001564614766e-11
SAMD11,4.986441643400831e-6,1.51598026426938,8.038044593922056,3,5.34261604650089e-6
TMPRSS5,1.8534489047948914e-10,0.8147478005806783,7.92914138664551,4,3.895784322180345e-10
CNTN5,6.660794779440418e-9,-0.9554293904552228,-7.812043519108089,3,1.0319541207583746e-8
ZDHHC23,4.400591208877264e-11,-0.7386491116199266,-7.649811379534922,3,1.0155210482024455e-10
C11ORF87,4.191314225844529e-9,-0.9102098022086866,-7.625418947931007,3,6.586350926327117e-9
MKNK2,1.8622450311345887e-9,0.8572766123268539,7.483993257124133,3,3.1841495351005923e-9
FAT4,3.5943134813678956e-8,-1.00135407849483,-7.45446432852799,3,4.962859618625128e-8
NAP1L2,3.605005386636923e-9,-0.8802649896295416,-7.432160124547664,3,5.747110036667559e-9
SCG5,8.012575034809596e-10,-0.8121768186129954,-7.387745429441603,3,1.4370379138517208e-9
MAP10,4.037769745287479e-11,-0.7088050735554441,-7.367219603478457,3,9.450099403864313e-11
SPN,1.4626683812255148e-8,0.9361640305505007,7.334708618055777,3,2.1742367829027924e-8
BEX1,4.530858144695529e-9,-0.863549806722195,-7.20530374660669,3,7.086176245258411e-9
ZNF449,1.0429087953123847e-10,-0.7197484304703601,-7.1843515372729225,3,2.2945335832909898e-10
COL8A2,3.803932004623668e-10,0.7609194080900331,7.167683723784273,4,7.427796222046216e-10
ITGA10,1.2751434700594578e-17,0.42259079084914564,7.139435161490518,3,1.078967551588772e-16
NAP1L3,7.758854482061906e-10,-0.7770540918638124,-7.079120047408342,3,1.3991376934865731e-9
RAB3B,1.0455100842382038e-9,-0.7871760342853023,-7.069369592223267,4,1.8450177957144772e-9
SLCO4A1,5.374966931682022e-8,0.972228371699995,7.0677349020517655,3,7.152173739738174e-8
IGF1,2.3398861574845486e-8,-0.9210443259089717,-7.028309897718382,3,3.328286344697849e-8
SLC4A11,2.4449117149215338e-11,0.6614870960332095,7.01952697194457,3,6.066322300181249e-11
ATP6V1A,5.5203153356261997e-11,-0.6822884469742002,-6.99893952886094,3,1.2477425073675657e-10
GLRB,2.2626167775937352e-10,-0.7219865721116085,-6.963841338518388,3,4.666647103787079e-10
KIF1C,1.5152117810187126e-8,0.8864004491757139,6.931231945199,3,2.2322316416793535e-8
GAD2,6.446924030905122e-8,-0.962337507161152,-6.9198297393928225,4,8.408124162996377e-8
HCN1,9.459162169769967e-9,-0.8587808158862694,-6.890983789850323,3,1.4384900995502716e-8
CHGB,1.7151872793239098e-7,-1.018499321854118,-6.890849101172996,3,2.1198943901756186e-7
RXFP1,2.3975527675950246e-7,-1.039909304317243,-6.884440672273111,3,2.887563552212986e-7
ADAMTSL5,2.8393019363884754e-7,1.0503503775699037,6.876421690261718,3,3.3703943849215714e-7
ST8SIA3,1.6666530458601436e-9,-0.7779285676546339,-6.828777389952344,3,2.8645599225721218e-9
CKMT1B,1.1702626281855595e-7,-0.9842176486425187,-6.822317875849673,3,1.473994913363491e-7
C2ORF80,2.921815882673481e-10,-0.7133790389802139,-6.8016034103611895,3,5.879263666355175e-10
PAK1,1.7003627908090865e-8,-0.8685627949048803,-6.748262509146825,3,2.4718930439074826e-8
NCALD,2.2817960986087423e-9,-0.7756757603824362,-6.703175188388231,4,3.861501089953256e-9
GABRB3,6.292443293128081e-10,-0.727883451154574,-6.69738715502872,3,1.1653010296431617e-9
ISYNA1,4.812541854275101e-10,0.717740703090649,6.687639063469319,3,9.233365185527811e-10
CDH18,3.2135382916840994e-8,-0.8873995636694337,-6.649299591110674,3,4.474546988420898e-8
DDIT4,4.304492434639686e-10,0.7077514575211314,6.628855391950789,3,8.306915224743254e-10
TNFRSF10D,2.969934213110954e-13,0.5285159768272245,6.620853446429649,4,1.0000798880883825e-12
SNCA,2.8832589375017356e-11,-0.6206759550475139,-6.541996783757004,3,6.996143010114506e-11
ANPEP,3.5786514672287406e-9,0.7741664615346329,6.538827162481813,3,5.732791185366429e-9
TOB2,3.936370874437103e-10,0.6851144498072266,6.4434356227611875,3,7.641190520966141e-10
ATOH8,8.483459911286427e-10,0.7096763685957049,6.437777362883581,3,1.5132658220132545e-9
GPNMB,5.74003755140554e-7,1.0301939112476886,6.429528041056098,3,6.623120251621776e-7
SLC6A9,3.1301173593266807e-10,0.6731346722611076,6.397767686334996,3,6.222522461312076e-10
ABRACL,5.364699085069632e-10,-0.6867351446669236,-6.366347003739502,3,1.0174429299269992e-9
LINGO2,5.645765881317018e-8,-0.8583976951553507,-6.221904386654973,3,7.482340324637012e-8
MID1IP1,4.029936122493374e-9,0.730078887933379,6.128794582198287,3,6.363057035515854e-9
MFAP4,2.0192585850714331e-7,0.9142774611810924,6.120912118018323,3,2.449835783358724e-7
CGNL1,1.0822467668704374e-8,0.7656446036557876,6.098875085134588,3,1.6307827993938097e-8
GPER1,9.563697842559052e-8,0.8665407729122511,6.082573904359204,3,1.223263677536623e-7
LCAT,2.5291105236212053e-8,0.8000790398413276,6.078226221271715,3,3.566694328183751e-8
MCM7,2.4714236962186576e-9,0.705837137497502,6.075177506115952,3,4.098340802774658e-9
NWD1,5.128736800528073e-7,0.9626713390919627,6.0551926993012675,3,5.938537347979874e-7
SNAP25,2.5993832724021204e-6,-1.0831697018288948,-6.049643250344564,3,2.8593215996423326e-6
RWDD2B,2.808233908749649e-9,-0.70336707211223,-6.0148904464906385,3,4.587708860828634e-9
CSRNP1,3.1243273001810345e-10,0.6310346543619305,5.998138031709269,3,6.222522461312076e-10
ARHGEF16,9.020708431606965e-9,0.7443426043262896,5.988057128935618,3,1.3845738522931622e-8
FAM81A,2.982122399889583e-9,-0.7014945928820724,-5.980574288121574,3,4.847785182086514e-9
RUNX3,4.0887999346574117e-8,0.8011042353274916,5.918881848058641,3,5.5526912692878433e-8
OPN3,3.345797071700407e-9,-0.6952573064816903,-5.892653581466145,4,5.385917237371387e-9
SVOP,5.8916971079293254e-8,-0.8108252287438847,-5.862071471970237,3,7.77704018246671e-8
PART1,7.273169154550232e-13,-0.48116952794666096,-5.84056868302423,3,2.2470591177768665e-12
TGFB1I1,1.5361499118707755e-8,0.7439480976531133,5.812887858958211,3,2.2530198707438037e-8
TBX6,2.0494909642565037e-8,0.75394414325368,5.796589463566917,3,2.9534149266578437e-8
NPNT,2.4680032304756635e-9,0.6645566946268513,5.7202742742633355,3,4.098340802774658e-9
TSPAN11,4.4014004222483045e-8,0.7765007623121678,5.712257288955405,3,5.928416895273226e-8
PDE10A,3.316319401377074e-8,-0.761531991715759,-5.695759465242584,3,4.598257993506026e-8
TBX3,3.0903994522578773e-7,0.8714197459158454,5.6729298073567405,3,3.629294730409607e-7
NEGR1,4.761758810952316e-8,-0.7711626750764685,-5.6466324839238196,3,6.387725234204327e-8
ELAVL4,5.0563304013860475e-8,-0.7678751422354797,-5.602543395608492,3,6.755421184038039e-8
ADAT3,6.131054707153566e-7,0.8944089707264097,5.556484255190631,3,7.04964478522884e-7
SLC38A2,4.087473867446657e-27,0.2104535213029627,5.5535622196075325,3,1.498740418063774e-25
LINC01094,4.2750487017961964e-8,0.7526523862266613,5.5463397904533895,3,5.781828162265348e-8
TUBB2A,2.1444014341851894e-8,-0.7226952509238593,-5.542128670260149,3,3.0767498838309236e-8
SLC37A2,1.2275904415317189e-8,0.6996111581318604,5.534586444045424,3,1.8330536004772274e-8
SCN2A,7.701796126370262e-8,-0.7744668164739771,-5.5090984338953914,3,9.928096569149166e-8
HSPG2,1.1430933913114376e-9,0.6098417480867465,5.453155078828907,3,1.9958773499088595e-9
GAD1,1.3279080144233443e-7,-0.7915304034461118,-5.443221613690879,4,1.6661963679076184e-7
CD200,1.1444980553856343e-8,-0.6809523373054683,-5.407704636946738,3,1.7167470830784514e-8
TCEAL5,1.4321144790029236e-9,-0.610478996528027,-5.399089837255851,3,2.4873567266892883e-9
ENO2,2.5135719125600875e-8,-0.7022435606085167,-5.336846486696059,3,3.559994554269652e-8
ARMCX5,2.7075352703611064e-8,-0.7040538674760793,-5.327875455698117,3,3.785960335674429e-8
MEF2C,3.581249441309185e-7,-0.8245028904582974,-5.314717127543365,3,4.1908238142979825e-7
DDIT4L,9.31065508924651e-9,0.6604168741368306,5.303820966940266,3,1.422461194190439e-8
CDH7,1.4481705467316745e-7,-0.7673857151922336,-5.248289257832236,3,1.8102131834145932e-7
FARSB,3.862217832974369e-9,-0.6235962260761763,-5.2464168428459,3,6.127557138853566e-9
PCDH8,7.073846574272176e-14,-0.39813355078894996,-5.235593295696085,3,2.7463169053056684e-13
ATP1B1,1.5804321231456343e-7,-0.758587671473955,-5.15932479235626,3,1.9606864685641327e-7
PDP1,1.622829655472453e-8,-0.6610687159699277,-5.149544868370525,3,2.3696185234774758e-8
DCTN1-AS1,6.425957535306974e-8,-0.714882914794581,-5.141482352264878,3,8.408124162996377e-8
LRRC37A2,2.7896819752281925e-6,-0.9210419018270936,-5.115876866054839,3,3.0584553216787496e-6
MSX1,3.940837276142687e-6,0.9464062000701017,5.114768548983231,3,4.277882569496996e-6
GJA1,2.0555780277853325e-7,0.762973033626098,5.102051057382386,3,2.484764648971281e-7
CCDC184,1.8539127868961436e-7,-0.751851020063681,-5.061393926851979,3,2.2828030584915198e-7
MLLT11,1.040477872856597e-7,-0.7225874600212352,-5.045659979707433,3,1.320606530933373e-7
RAMP2-AS1,6.246614699383608e-8,0.6738774008344727,4.8548522115606145,3,8.212680680464504e-8
TUBB3,2.4424965685180217e-7,-0.7285924099067796,-4.817573988149767,3,2.930995882221626e-7
GOT1,9.083266923740873e-8,-0.682869729754216,-4.808603330085139,3,1.1663338851496064e-7
TRIM36,7.495670059530939e-8,-0.6634887409527654,-4.727483035780679,4,9.700278900569451e-8
MAFK,9.850491744429676e-8,0.671123237360767,4.702253209227974,3,1.2550819597149778e-7
STMN1,1.9912289884732766e-7,-0.6934801123557194,-4.646926178847476,3,2.434243478289854e-7
HMGCR,2.0162131096110652e-7,-0.6719552536395245,-4.499051918564399,3,2.449835783358724e-7
RNF152,1.7408481073631667e-32,0.14094486984516044,4.476301824196399,3,1.9149329180994834e-30
AZGP1,1.9934588885116644e-5,0.9516021416820587,4.472903775719005,3,2.081776687369776e-5
PCAT19,8.014161721602911e-6,0.876941155671479,4.469016565479373,3,8.476517205541541e-6
ZBED6,6.16579366392096e-16,0.2928520253843004,4.454282531238191,3,3.839079073762107e-15
FGF13,2.8953608620237473e-7,-0.6715625269075013,-4.390875456770745,3,3.4246203744366907e-7
TEAD2,5.070527253628519e-6,0.8259209037223637,4.373207311174688,3,5.415126193195506e-6
ATP6V1B2,1.4952226710243667e-7,-0.6396685981716886,-4.365926326118553,3,1.861975401652985e-7
ZMAT4,5.649838814651323e-6,-0.8062645523533657,-4.231247298524055,3,6.014344544628827e-6
LRRC2,2.576297411721343e-7,-0.642113817646823,-4.230890514726562,3,3.0803556009711713e-7
STEAP3,1.1117637122767786e-6,0.7103004713635045,4.229120131537239,3,1.2502925175857834e-6
SERPINB8,1.5258631148421084e-6,-0.7238786742621289,-4.210429034569483,3,1.6954034609356762e-6
KLHL6,8.296308398244437e-6,0.8257391659421304,4.195675754896927,3,8.746906617957392e-6
LLGL2,1.113896970212789e-6,0.686368133771877,4.086055871843841,3,1.2502925175857834e-6
SV2B,4.417392583985574e-6,-0.758126893954989,-4.059643669779843,3,4.763854747435423e-6
RTEL1,8.520906745158728e-7,0.6614416815730227,4.014629670637255,3,9.662883937808868e-7
EPHX4,7.584112027116582e-12,-0.34896959491327373,-3.8805751384652027,3,2.068394189213613e-11
CPM,6.013244540210294e-20,0.2016684387928327,3.8762471072755904,3,6.614568994231323e-19
ARL4D,1.8803411929626273e-10,-0.3928088277619237,-3.8203656965515638,4,3.927294896694095e-10
CHST6,4.705116996011894e-6,0.7010706160157731,3.734904332571163,3,5.057617617862948e-6
FAM163B,3.530088597699939e-10,0.388320493978891,3.6704885629091577,3,6.93410260262488e-10
PCDH18,6.641050436242086e-19,0.2018637863701471,3.669432111621472,3,6.8485832623746515e-18
FKBP5,3.463802990123988e-11,0.34664091914677597,3.626018899404802,3,8.283007150296493e-11
ANGPT2,2.4766230647229435e-11,-0.3412225040421045,-3.6190536786462553,3,6.099146353422174e-11
GPR61,1.6397616133256508e-5,-0.7499005949141929,-3.58843878831649,3,1.723316345214856e-5
SLC7A4,1.615218270102133e-12,-0.3037586004218175,-3.581851181606438,3,4.7170091073779104e-12
CUX2,1.4963969948996802e-8,0.42556547657766763,3.3300299261097277,3,2.2143991404345044e-8
ARHGAP42,6.490355910523566e-10,0.3617811178690875,3.323947768125766,4,1.189898583595987e-9
LINC01561,9.443433607401605e-10,0.35509075094329756,3.2046478898483786,4,1.6754478980873816e-9
LAMA5,7.299505290994299e-5,0.773055314443817,3.1979030000114266,3,7.480859459714655e-5
TDRD6,1.9017194979753698e-18,0.17962667570356722,3.1831380121538495,3,1.7930498123767774e-17
HSD3B7,3.419990714517374e-5,0.711850442357291,3.179106331327334,3,3.56024269965531e-5
CHST3,7.5880360331885645e-6,0.6088107679568057,3.1170323612322273,3,8.05161379727404e-6
CHRM4,1.5216965986355366e-15,-0.20172078037831914,-2.9890323451370913,3,7.725536577688109e-15
MST1,3.8368170585317284e-5,0.6521442542359434,2.8798878786956075,3,3.981602607910284e-5
FCGBP,1.248106689221055e-6,0.4773086102164204,2.8179098909881146,3,1.3961871438744005e-6
KCNS1,1.9279853341488254e-5,0.5898369215682256,2.7810199037836227,3,2.019794159584484e-5
MLKL,3.902266311032267e-7,0.41695123353669367,2.67210832197554,3,4.550345875055294e-7
NOS2,1.0011910365761133e-8,-0.33106788867626297,-2.648371962931783,3,1.5155644131656762e-8
CCKBR,3.0192841609067577e-9,-0.29866469321844946,-2.544651861402923,3,4.8841361426432844e-09
MSC,2.6052069257549876e-8,-0.31639689156810574,-2.399603945474499,3,3.658375682975089e-8
TLR5,3.051315065461856e-7,0.36664375851130865,2.3888721554040955,3,3.5961927557229014e-7
RCC1,6.471707689094182e-8,0.33228856974991233,2.3888162499882477,3,8.408124162996377e-8
MCHR1,3.7642683750569655e-8,-0.31612123653096336,-2.3469850357477142,3,5.1330932387140435e-8
DNAH1,2.1055748872250244e-9,0.268575351448277,2.3303287657233227,3,3.581648004042567e-9
INHA,1.793009326995847e-8,-0.2996054922372585,-2.320869213568987,3,2.5951450785466205e-8
KIF5B,1.419858439120723e-13,0.17452236142197303,2.2422205333548213,3,5.148937196811413e-13
TBX18,6.320875282003816e-10,0.24330320874949019,2.238200420060936,3,1.1653010296431617e-9
CAMK1G,6.263321819236178e-10,-0.23780961008463364,-2.1886082794044173,3,1.1653010296431617e-9
ECM2,3.949335299776071e-7,0.34165247338035737,2.1877634112277815,3,4.5890163694581104e-7
SYPL2,0.0014580719265007982,0.7375296010427036,2.091796980801953,3,0.0014580719265007982
SLC1A6,6.964961301552969e-10,-0.21707859275559666,-1.9878063206688021,3,1.2698548229350716e-9
PARVG,9.388342284921225e-4,0.636281119842013,1.9262845154224433,3,9.416878279708221e-4
TFAP2E,1.9916537549644258e-7,0.27884552509455646,1.8684842354933402,3,2.434243478289854e-7
SLC7A2,4.652541460691502e-5,0.4257611180846496,1.8445290421996248,3,4.7979333813381114e-5
TCEAL6,3.6372556866788795e-8,-0.2344020397138517,-1.7437697877773872,3,5.0012265691834594e-8
ATP1A3,8.781711431013752e-7,-0.2854131518097426,-1.7285821600626952,3,9.924536891214172e-7
ANKRD37,8.694211057447775e-5,0.42331881666635596,1.7190002754839717,3,8.855214965919032e-5
GREM1,2.9612171488364637e-6,-0.3012828212200353,-1.6656510385376155,3,3.2357670831656726e-6
HAP1,3.544471180341575e-6,0.30459517088429305,1.6601803076333146,3,3.860315146906666e-6
ADH1B,8.464968869355145e-7,0.2676863674280799,1.6254919076271572,3,9.63255078236965e-7
DCN,7.753837567966867e-7,-0.26502801609793464,-1.619449266688613,3,8.853862966882581e-7
SORCS1,7.536014326825655e-5,-0.33624654203735993,-1.3862968414970411,3,7.699333522763053e-5
SEMA3A,2.6005499177722076e-7,-0.19462840724669966,-1.2816153730159523,3,3.098128060883858e-7
NGEF,6.79840587871377e-7,0.20717142868062938,1.2777490348326257,3,7.789840069359527e-7
PLPP4,2.2223800941268053e-8,0.16228461700822674,1.2419936548418797,4,3.174828705895436e-8
VWA7,6.830449659229584e-9,0.14341795160944773,1.1710865558870134,4,1.053293639040076e-8
SEMA5A,1.1752313349667974e-4,-0.28114867568611,-1.1048796122578868,3,1.1860132738197037e-4
S100A9,4.2274928761421295e-5,0.2515778044814353,1.100380464918998,3,4.373268492560824e-5
SPAG5,7.082075532762017e-5,0.2614162281453533,1.0848353752916098,3,7.280638398166559e-5
ZIC4,1.4490896035966205e-6,0.18504095958243932,1.080436539581834,3,1.615539085090827e-6
ARHGAP11A,1.029961030820472e-4,0.269086579344577,1.0728964139836596,3,1.045806585140787e-4
GNG3,2.4437827081291614e-9,-0.11421251243356792,-0.9835910088054172,3,4.096050666238247e-9
CA12,1.131860640914195e-4,-0.23034949870106908,-0.9090068138682589,3,1.1457485015389091e-4
SLC32A1,3.736961901633705e-8,-0.09913170848637438,-0.7362989139702177,3,5.117001774021256e-8
GDF7,2.4725205397345628e-6,-0.12858886512438036,-0.7209797761340754,3,2.7288688231184134e-6
RORB,2.0760863079328635e-6,-0.11775531064660931,-0.669174532753989,3,2.299021750395453e-6
BMP7,2.2505133769306636e-4,0.17694680788303935,0.6454521271653297,3,2.2642360194729237e-4
SLC6A7,4.105724522192506e-6,-0.099724800040819,-0.5371786244369079,3,4.442259319093532e-6
