"Gene","GSM3577568","GSM3577569","GSM3577570","GSM3577572","GSM3577573","GSM3577578","GSM3577579","GSM3577585","GSM3577586","GSM3577587","GSM3577588","GSM3577590","GSM3577591","GSM3577592","GSM3577593","GSM3577594","GSM3577596","GSM3577598","GSM3577599","GSM3577600","GSM3577601","GSM3577602","GSM3577603","GSM3577604","GSM3577605","GSM3577607","GSM3577609","GSM3577611","GSM3577613","GSM3577616","GSM3577617","GSM3577618","GSM3577620","GSM3577622","GSM3577623","GSM3577624","GSM3577626","GSM3577627","GSM3577628","GSM3577630","GSM3577631","GSM3577633","GSM3577634","GSM3577637","GSM3577638","GSM3577639","GSM3577640","GSM3577641","GSM3577642","GSM3577645","GSM3577646","GSM3577648","GSM3577649","GSM3577650","GSM3577651","GSM3577652","GSM3577653","GSM3577655","GSM3577656","GSM3577657","GSM3577658","GSM3577659","GSM3577660","GSM3577662","GSM3577663","GSM3577664","GSM3577665","GSM3577667","GSM3577670","GSM3577671","GSM3577673","GSM3577674","GSM3577675","GSM3577677","GSM3577678","GSM3577681","GSM3577683","GSM3577684","GSM3577686","GSM3577687","GSM3577688","GSM3577689","GSM3577690","GSM3577691","GSM3577692","GSM3577693","GSM3577696","GSM3577697","GSM3577698","GSM3577701","GSM3577704","GSM3577709","GSM3577711","GSM3577714","GSM3577716","GSM3577718","GSM3577719","GSM3577720","GSM3577722","GSM3577723","GSM3577724","GSM3577725","GSM3577726","GSM3577727","GSM3577728","GSM3577729","GSM3577730","GSM3577731","GSM3577732","GSM3577734","GSM3577735","GSM3577736","GSM3577737","GSM3577738","GSM3577741","GSM3577742","GSM3577743","GSM3577744","GSM3577747","GSM3577748","GSM3577750","GSM3577751","GSM3577753","GSM3577755","GSM3577756","GSM3577757","GSM3577758","GSM3577759","GSM3577761","GSM3577762","GSM3577763","GSM3577765","GSM3577766","GSM3577767","GSM3577768","GSM3577770","GSM3577771","GSM3577772","GSM3577773","GSM3577774","GSM3577776","GSM3577778","GSM3577779","GSM3577780","GSM3577781","GSM3577782","GSM3577783","GSM3577784","GSM3577787","GSM3577788","GSM3577789","GSM3577790","GSM3577791","GSM3577792","GSM3577793","GSM3577795","GSM3577796","GSM3577797","GSM3577798","GSM3577799","GSM3577802","GSM3577804","GSM3577806","GSM3577807","GSM3577808","GSM3577809","GSM3577810","GSM3577815","GSM3577816","GSM3577817","GSM3577818","GSM3577819","GSM3577822","GSM3577823","GSM3577824","GSM3577827","GSM3577828","GSM3577829","GSM3577830","GSM3577831","GSM3577833","GSM3577834","GSM3577836","GSM3577837","GSM3577839","GSM3577840","GSM3577841","GSM3577842","GSM3577843","GSM3577845","GSM3577846","GSM3577847","GSM3577848","GSM3577849","GSM3577850","GSM3577851","GSM3577852","GSM3577853","GSM3577854","GSM3577855"
"ADAM33",4.639744533,5.698602396,4.818265414,5.346014535,4.352229168,4.599615731,4.003560637,3.615515712,4.769994838,3.035107914,4.7752969,5.265466445,4.098350264,3.958555547,5.431327144,4.47826709,4.268292952,4.66626796,2.579727497,3.408027188,5.173620145,3.673803654,4.08767427,3.393315965,5.208485595,5.367376961,4.423628274,3.963369896,3.398357967,4.916932321,3.767849091,4.04977475,3.151737521,3.202026445,4.171211146,4.091721011,3.177894434,4.507538181,2.918510766,4.868554283,5.304701067,5.892722955,3.413517786,4.234596342,3.83239918,4.311282191,4.614220183,3.363853442,2.875746026,5.430519163,4.530164161,4.356059612,2.378173992,4.169762706,4.529978837,4.253034573,4.654461094,3.072586679,4.290919046,3.710922338,5.551510035,3.249220356,5.063839228,4.55443713,3.67981892,3.06860646,4.362277497,4.683885928,5.181205168,5.05241004,4.989684737,3.779733798,5.171912766,5.138450031,2.880458764,4.129945477,4.914291458,4.747395139,2.366939771,5.323408819,4.422398663,3.611703836,3.884225994,3.389440491,3.376077555,5.113738562,5.678418669,4.671945555,3.852727765,3.40935076,5.303742208,3.250709773,4.20148892,2.982292796,4.511912176,1.734808528,5.13885025,3.659746506,4.293079493,3.365895012,5.415930395,5.512551267,4.722050132,5.086176267,4.244862242,3.85285508,4.083899312,4.161545149,4.925311964,4.614680486,4.269440015,3.551401345,5.830496165,3.485895817,2.973022645,3.923757928,4.820728801,3.302657917,5.253538686,4.423882504,5.008405369,4.303083219,3.779542119,3.456819892,4.053008356,5.552638176,3.248866946,4.337426826,3.812117369,4.665865428,2.836223371,4.309940311,4.880538934,4.21061455,4.068808063,3.172394396,3.277296217,5.20589233,4.3387779,4.783230307,3.349326891,3.441068366,2.156850407,4.991048255,3.170940122,5.166912193,4.729055052,4.471752447,4.492641561,6.127766955,3.571295892,5.335040513,3.6694162,3.474412798,4.518253182,3.364817914,4.802313289,5.53864085,4.608392866,4.692861042,4.300196811,3.270951136,5.116845914,6.373252607,3.050872391,3.885636135,5.043434938,3.853682613,5.111276877,4.915287634,4.287938885,2.349787439,4.39800285,5.573854333,5.330285172,4.90144501,3.756940242,5.620457786,4.892527439,5.019590559,4.590346009,4.696318261,3.508409704,4.012442604,4.519817214,2.939425431,6.416204369,4.905065189,3.563015967,4.060272736,4.712182129,4.775085422,3.262509887,3.416422505,4.372192049,4.488443063,4.288635335,4.939577715,5.221381755,3.505338047
"AEBP1",5.955801337,7.469564332,4.573118235,6.47186396,4.620325738,5.141988044,5.899527369,5.485543806,6.646529817,4.817308864,5.999644381,7.110301881,5.232787261,5.454094204,5.415077102,6.894430155,5.299884084,6.602826313,6.261669804,6.577523664,4.79573796,3.626621148,6.077480948,4.637310845,5.968376176,6.459323495,3.883537252,6.919122795,4.292098147,5.502147831,6.235908337,6.778212171,5.490645043,6.417977338,5.387957417,4.984609436,5.880426312,4.875111139,6.24080853,6.12137293,7.148523752,6.124143773,4.248069742,6.088361298,5.623006219,7.346738253,5.39102498,5.206338132,4.251427054,5.699193711,5.193716494,5.647714009,6.004891983,7.151375419,4.919177345,5.432399499,5.245446812,6.534765887,5.84292751,6.178576675,6.379768171,5.450638258,6.859779218,7.268725513,5.21201476,5.045469882,5.908570113,5.773024785,7.99846559,7.135460208,7.080835294,5.107524894,5.394716769,7.75741581,2.988635249,5.25305291,6.751020159,6.024436479,4.723191068,5.69206853,6.784192224,5.850858173,4.756338517,4.338708195,4.740075368,6.200144608,6.288418959,5.637125749,6.405222247,5.450474991,6.417451958,4.981099178,6.063735071,3.372195331,5.805956591,4.89678136,5.829293819,6.925950668,6.405168242,6.417335349,6.62368327,7.796884252,6.291399447,6.306866077,7.407556753,5.030500165,3.939928685,5.020696819,6.864929757,6.164143813,5.2273214,5.817378003,7.15496014,4.855485755,4.824095873,7.949072495,7.178787011,5.354552124,4.981973743,5.501251737,8.313810471,5.243755997,6.564358871,5.921991584,5.085672771,5.627875197,4.199234321,7.325454935,4.922586048,5.349521472,5.170050779,4.667400384,5.31590444,4.822944016,6.697090127,7.426638203,7.639829382,6.488858749,6.338123754,5.894883056,4.834755492,5.820393504,4.743604533,7.121704055,5.082886889,7.427412692,6.775351949,5.509189222,6.380598384,6.643659058,6.278328123,6.921946294,5.079205488,4.542387167,6.803178513,5.561077889,7.056881516,6.158557958,6.078151548,6.542479366,6.519646949,5.555363694,6.306625409,7.937125324,6.517264442,6.216014578,6.023862868,4.419011823,6.27094136,6.551906328,6.839447775,5.419914188,6.140358399,6.75799468,6.772426633,5.749414127,3.470993816,6.783729382,6.645726489,6.546369909,6.519150639,9.044341223,6.366075749,5.4462644,5.831129852,4.167333764,8.353812178,6.269750857,5.718177452,5.804607213,7.494263253,5.405692839,3.901438962,5.109933732,5.614101687,5.324964277,5.663069238,5.585248379,5.272097717,7.126630717
"CCDC102A",3.421182378,2.437670223,1.995292363,2.250183442,1.588086777,2.431419556,1.319207132,1.553819255,2.494458795,-0.151346801,1.249235359,2.274026019,1.222516424,1.485395248,2.391101794,1.91644882,0.573530506,2.075254177,0.565371473,1.783880134,1.709441635,0.595467311,0.586153254,1.038511526,2.352399078,2.079755871,1.767587674,1.925164811,0.636761637,2.928532278,2.17437851,2.421784585,0.709689325,0.577399593,1.90140958,0.44455888,0.724107386,1.167220092,1.099501958,1.724467097,2.421897183,2.020480775,0.786874695,2.007492081,0.298115181,2.521960658,1.662813086,0.478907338,-0.229574086,2.917039681,2.053086799,1.154006785,0.874207527,1.611055689,0.911883647,0.459844985,2.478870676,0.318204144,1.322918238,1.682982711,1.80367582,0.831583294,1.966420358,3.114477027,0.318342496,0.502814358,1.891625324,2.256738944,3.630816349,2.494810776,3.152076638,1.157356448,2.467141116,1.657618341,-0.823349829,1.555530764,2.019301836,1.674469108,0.228672582,2.023581829,1.875351683,0.90151305,1.490594309,0.689960292,0.802971333,2.367372004,2.262059703,2.252456877,0.865864101,0.226626097,2.147479096,0.442172207,1.125550287,0.729413862,1.579848755,0.397293357,2.048499546,1.398382345,1.558119919,1.238900118,3.175433734,4.008406319,1.951820558,1.930468924,1.413990051,0.871845671,0.503088457,1.571799216,1.797001873,1.399187232,-0.036317863,1.127615851,3.534417393,0.601643609,0.214688308,3.075864321,1.673459442,0.205515622,1.60131379,1.678121469,2.310213489,0.985577213,1.303489935,1.03141863,1.235596509,2.830651564,0.679808487,0.812017533,1.516153934,1.319561113,-0.270760569,1.343824599,2.321499262,1.102448165,1.605249711,1.766051704,2.095201739,1.947291171,1.115382205,2.559851643,1.40786071,1.044731057,0.616225455,1.970010345,0.951718776,2.093703589,1.786340577,2.789322082,2.541616203,3.069170197,0.958173165,2.556203723,1.407783165,0.704000386,2.217326479,1.154051294,2.300599741,2.295465301,2.491488382,0.57732656,0.928626136,0.578548612,3.250872457,3.609414723,0.793227448,1.017821627,1.980402416,0.942000059,2.520957823,2.742085923,1.949267321,0.871751626,2.463863591,2.545007305,2.514136475,2.667954229,0.393301736,3.219104609,1.613316046,1.807887927,2.116493753,1.964389131,1.650153809,1.435438622,1.420636126,0.532031001,2.125162415,3.145198404,1.581817557,1.893550503,2.740806465,2.371083012,0.931210377,0.467888806,1.849629016,2.405834228,1.670530313,2.234011242,2.025202648,1.998927075
"CLDN9",3.873565987,1.266836678,1.534129248,1.998798817,0.547617663,2.182848289,1.749659919,1.627016215,3.315865011,-0.215968287,2.873135851,2.014695746,1.030186997,2.390489586,2.500762982,0.58094207,2.15780885,3.159503426,0.4371599,1.746765897,0.836073362,2.489863599,3.024472638,0.211953897,2.647075487,3.416600928,2.513452988,3.359000083,0.764204248,2.452917179,1.996437353,3.980234787,1.213249319,2.038495077,2.882646061,1.262164632,1.805041813,2.398957682,2.088452132,1.52911325,1.781768702,3.444009969,1.053481851,3.479116116,0.525050265,2.100269929,1.650122064,1.131924479,0.904509455,2.098713944,1.755058857,4.157663879,1.980536864,2.577852626,1.48846426,2.278164757,2.45867072,0.878930238,4.287042107,2.309520098,1.610614316,1.318631552,2.78015611,3.303077513,2.57743601,-0.684322607,1.662509155,1.838260799,2.144865312,1.108531866,3.231960101,2.066221968,2.817137248,2.946401387,2.094795529,2.303225317,2.669554982,3.241399488,0.461305043,1.991898668,2.712112028,0.278045149,1.507879459,0.476097149,1.039813603,1.786973437,1.722239704,2.372889464,-0.596135492,1.983439586,4.586216241,1.547246987,1.694605742,0.544357995,2.578327788,0.548368771,2.761437284,1.240021527,0.947766864,1.936700924,3.190974441,3.284286321,2.478578356,1.649978313,1.840566612,1.616192479,1.689581065,1.285814725,1.918001385,2.169323067,1.373372633,1.384112988,3.273686223,1.602903872,0.496784707,3.097155694,1.755099745,0.807886428,2.253989258,1.730539027,3.671160482,1.059332478,4.126157582,1.203284701,1.430073631,3.624067727,0.483889135,2.555442364,1.98105055,2.54029369,1.151991161,1.695417122,3.096955526,2.750301988,1.578575185,2.309963734,3.143913443,2.412282929,1.986455146,2.700830979,3.245649856,0.505950684,0.639187965,0.619717086,1.848853329,2.956249997,1.279711301,2.243462913,2.450648253,3.406795195,1.275236857,3.542784745,0.724358804,1.51447656,4.518253182,1.373412195,4.530534356,1.741131329,2.700915715,3.593665454,3.499251733,0.424647707,3.509249645,2.981985676,1.659450322,0.884759526,3.598735959,1.535055353,2.400923022,2.988068464,2.450130759,2.387815173,3.211112411,3.0709053,1.811127085,3.309516566,1.675922609,3.697140833,2.554640785,1.88314567,2.224516688,0.330992796,2.369579873,0.196618668,0.860285492,0.720592192,1.835407158,2.666180838,2.215574627,0.941492122,2.233005091,2.79812647,1.80959443,-1.309742807,1.217787971,2.427894063,1.907930686,4.218357141,2.244245944,2.301531832
"GFAP",13.29674017,14.52219733,12.96739372,13.04646759,12.87405005,12.72399786,13.1344331,12.08530226,12.77455845,10.81291156,14.02259918,13.83846184,11.82172896,12.15219,11.46535632,13.91952792,12.88214397,13.02701125,13.00112771,13.15224552,12.24784321,12.60675749,12.78780895,12.63494741,12.45667663,13.74520492,10.87502753,14.68302547,12.17794091,12.64595815,14.54743456,13.00626513,12.45650811,12.63813537,13.30026019,13.34686131,12.99345474,11.30227259,12.47061432,13.28015195,14.10156976,13.52968892,11.72067137,12.70731394,13.38528361,13.99811855,12.22757147,12.4176066,9.527288357,13.60186,13.19292823,12.56977307,13.27377901,14.11694763,11.62205108,12.15665258,11.61182682,12.97945622,14.00734658,12.77340404,13.69766267,12.28997386,14.28389865,13.7487231,12.83263301,12.2180412,13.76842956,13.78373099,13.86471526,13.62391754,12.61609369,12.52621859,13.55999495,15.17636747,11.35796208,12.73958841,12.72270493,13.28674297,12.28835469,12.56794281,13.39910225,13.90390783,12.21100663,11.74811192,12.5382043,14.07433114,13.52068727,12.6877057,13.60297662,12.64380748,12.93896817,11.99732467,13.66963697,11.44437618,11.44550813,12.44511234,12.67082147,13.2039396,13.25566628,13.89579751,12.53271432,14.08503054,13.10353064,13.32682584,13.63735073,11.37703036,12.03153956,13.74279007,13.89226101,14.01464589,13.68107446,13.54013731,13.54062954,12.76659773,12.44942411,13.36530219,14.94834309,11.78433821,12.27167498,11.81008221,14.90355777,11.96081435,12.90077603,12.22115419,13.2372328,12.53861855,11.85888936,14.69067931,12.28931504,13.01418833,11.92999311,12.59434062,12.42357389,13.20760365,14.01898296,14.39290123,13.9915649,12.93833795,13.50231412,13.52111269,12.9726111,13.11420653,12.09894436,14.72196412,12.09076979,14.82205086,13.62770416,11.90233964,13.53000019,13.1635585,12.73219993,13.60749126,13.09023109,12.38877005,13.30335364,13.65188506,14.39003092,13.52890601,13.62450189,13.77043369,13.75536395,13.46162215,12.27423541,12.52255638,12.71387221,13.4999162,13.08921608,11.47197167,13.59185831,13.21789138,13.21449923,12.30381262,13.51861777,12.90401772,13.86363265,11.42923945,11.44613981,12.78254073,14.05515617,13.10957241,13.50032702,15.51816253,13.17861677,11.99936399,12.86279262,11.09513193,14.98736752,12.45830633,12.1127563,13.12548151,13.91811263,13.32144921,12.19690398,12.30630413,13.27274162,13.41912641,13.06701051,13.75743478,12.29624311,13.80866848
"HSPB1",11.88918409,7.41100611,6.262181865,8.925524517,7.042283382,8.939296935,6.737898024,7.551786197,8.49507189,5.142934051,8.280462274,8.371237899,6.294512091,8.033304337,8.711863112,7.420169249,7.173692812,9.042493357,6.677588453,7.261727563,7.23938778,7.486007192,7.600637786,6.00116324,8.947829208,10.00394278,7.849634371,8.394599028,6.195668088,8.3329475,8.584492255,10.59207408,6.55040924,7.61074765,8.089812124,7.549594351,7.997180252,8.337935971,8.216335486,6.869691282,8.842284673,7.415808662,6.755425201,10.09183104,6.030778921,10.06735318,7.214107603,6.381114625,5.806825437,9.466503109,7.17982778,8.942996613,8.826245051,9.506888449,7.01758111,7.27289351,8.024938699,6.749297106,8.415266472,8.822191845,7.325087742,6.699365697,7.838991634,9.589654141,7.05459703,6.163535201,7.376621482,7.41562359,9.948516458,8.967524614,9.945884564,7.377125165,8.322151078,9.422375932,7.050797131,7.420541645,8.42513876,9.057105304,5.886856535,8.131117636,8.445070433,6.709376656,6.887631301,6.558007714,6.321054914,8.581231344,7.95677901,7.162179528,6.884241726,6.526838957,9.550318036,6.220288713,7.908503412,6.447171473,8.473042621,6.259883152,7.943901485,8.530356269,7.383399941,6.97813891,9.901939906,12.5255796,8.007502566,6.870794777,8.678678074,6.568000416,6.73243046,7.722647274,7.298260735,9.008554509,7.848370775,7.598354584,10.21760597,7.243625734,5.842923644,11.36245402,8.811431128,6.065718749,7.311930096,7.278317908,9.406510401,6.352157299,10.643617,7.496139495,7.133167269,9.607398232,6.893802322,8.507099639,8.320593826,7.007563057,6.253530193,7.148235882,8.92353797,7.421093636,7.033271306,7.714768936,8.583014332,7.872410382,7.184278667,8.068467238,7.268518017,6.716545362,6.441192321,7.256696122,6.921168103,8.679502404,6.95073402,9.451987007,8.494950347,9.628756154,8.056614535,9.010298049,6.743133341,6.417802604,10.47490248,7.022207626,9.248569194,7.075742701,8.22854668,8.437885544,8.435987824,5.587453797,10.55785698,11.14943647,6.992450302,7.81014242,9.546974993,6.612404234,8.585669917,10.0659292,9.084942159,8.357275644,8.830326279,8.429055579,7.912805305,9.722587354,6.001521873,9.997955602,7.447944139,8.406146502,7.545173762,9.28728453,6.936529927,6.840211077,7.19808095,6.042595021,8.426420564,10.53294237,7.488304222,7.597017684,9.073015632,8.849609601,6.488647279,5.679238681,7.560058714,8.746908734,7.110659093,9.139273751,7.669055486,8.398713086
"HSPB7",1.098547142,3.345528519,0.699104836,2.28615776,2.433225511,3.267360808,1.65026872,0.237211838,1.027523067,0.282072842,2.198922075,1.471779335,1.275547886,1.144806204,1.552169831,0.468090576,0.633609621,1.007939689,0.4371599,1.471452386,1.268404983,0.942300981,0.637497964,0.734315449,2.045278345,2.024485715,0.726606439,1.448946606,1.030736923,2.427078616,0.758158102,0.515060883,0.709689325,-0.647214927,0.54458229,0.82859923,1.594455761,0.306037409,0.915461453,2.28227104,2.728325553,2.582682113,0.632484844,0.997508883,0.640313235,2.41495604,1.571538123,0.933515909,0.406118666,2.772649814,2.263684665,0.431105096,0.778704755,1.96538912,0.260926144,0.514045221,2.154040457,0.831705248,1.671128543,1.267611694,2.630916313,1.49155516,2.14398149,1.513454973,0.448842012,0.889680468,1.79583018,1.916988339,1.776896725,2.335330402,1.895284918,0.45625296,2.397178298,3.616066665,0.160966276,1.485084454,1.805448839,1.521418622,0.081135853,1.915147718,1.214749254,1.782894983,0.896608417,1.125152347,0.293847546,2.117573581,2.292441687,2.419210835,2.124961852,0.365775564,1.062693284,-0.357214527,1.50900149,0.121275913,0.970724606,0.663203399,2.334677794,1.835029539,2.034199573,1.027095947,2.687405799,2.674401563,1.317087117,0.870820705,0.756006277,-0.944891623,0.070273765,1.527900916,2.426946591,2.730706296,0.150267377,1.245479027,2.287428954,0.601643609,0.390470055,2.596950513,2.934865429,0.487564634,1.779042664,0.384694899,1.528618737,0.715941599,0.771582988,0.740279698,2.088176473,1.56763598,0.571131136,1.944048092,0.578306325,1.11355679,0.595814492,1.232442525,2.353235475,1.075895593,1.870103672,2.166020535,0.901018273,1.348786153,1.626485674,2.424072743,0.894045192,0.786262837,0.278761645,2.855743905,0.848588792,2.388042626,2.090694682,0.715736961,2.049798746,3.058564588,1.945981267,2.261720725,1.358934573,1.260914216,1.060026524,1.413548306,1.863442889,2.425418842,2.037752522,1.821799108,0.631834616,0.782407158,1.771294818,1.932273019,0.104049899,1.836333637,1.127654211,-0.082554318,2.531390637,1.749119839,2.257599424,0.850121881,1.990395098,1.804229242,2.655381083,0.906920197,0.364302488,1.984988112,2.041039151,1.585595094,2.476644309,3.123260035,0.954341564,1.339970948,1.46788991,-0.435707522,2.564144492,1.944060379,0.823181511,0.687988464,2.175699115,1.472149413,0.95191341,0.649322077,1.308169769,1.997453509,1.467678163,1.969762392,1.223571551,1.488071236
"KANK2",5.027480048,6.691240383,5.737339792,5.893659302,5.834804373,5.574032324,5.275549011,4.479202384,5.612743765,3.634279261,5.200162841,5.550421713,5.13573348,5.556010541,5.735148689,5.557838704,4.702722551,4.987824429,3.703196828,5.310330753,5.569805014,4.207106104,4.337106123,4.819695522,5.465506011,5.484644629,5.733859924,5.31539109,4.57538549,6.500079076,5.95517848,4.04977475,4.664565472,4.658585498,5.266389729,4.098728007,4.392199347,4.539201954,4.80765841,5.891980726,6.176220152,5.253497522,4.908485225,5.412881106,4.890176455,5.585993351,5.690434054,4.119472103,4.379259879,6.115819193,5.590235572,5.4824342,5.62140463,5.382626517,5.15225822,4.013019241,6.033186184,4.041521619,5.500260285,4.722541601,6.211204645,4.366350109,5.990332408,5.937228995,3.995682459,4.577308691,5.967072472,6.1798868,6.665281383,6.1592048,5.732609972,5.351525028,6.393257747,5.570371109,3.340331516,5.137237116,5.606845439,5.079862659,4.274344742,6.023150452,5.484279012,5.741987908,4.784979794,3.680909076,4.847964407,6.059347878,5.869389864,5.934335079,4.834068931,3.953654786,5.195474012,4.345533199,5.488363777,3.936958907,4.983325799,4.241078464,5.976700801,5.259867036,5.417202416,4.647437143,6.6860179,6.313660001,5.727419026,5.914351312,5.460674286,5.298244748,4.776777379,5.431405073,5.828213085,5.577637842,4.985127679,5.180941235,7.115642967,4.34512817,4.283936314,5.020202424,5.805594419,4.639838027,5.642039929,5.149578973,5.405531505,4.426674153,4.686961765,4.764776769,5.256779702,5.561969556,4.281300166,4.897985738,4.687090722,5.121926336,3.768151618,5.089984156,6.230276067,5.186252354,5.092365188,4.797735774,5.646715855,5.634874952,5.020349313,6.295895795,4.875847713,4.582327146,3.94515797,6.237967007,4.895098194,5.048806469,5.62382358,5.361958878,6.109703126,6.566224687,4.980859493,5.627982802,5.132251246,4.881295756,5.255687301,4.770566222,5.660179317,6.420763201,5.52724299,4.604748879,5.15288142,4.553274911,6.078957731,6.410399995,4.42661276,4.856170314,5.157566898,4.565072916,5.907322487,5.595613557,4.841803469,4.181157734,5.334847167,6.120228341,6.747660606,5.738141086,3.988368645,6.014166013,5.075324528,5.412554297,5.895562006,6.589896031,4.767708564,4.778464894,5.134309333,3.661194619,6.337927755,5.316934208,4.541751073,5.448539961,6.039067596,5.705773326,5.364903487,4.17295429,5.132156414,5.577724885,5.480097305,5.696031621,5.528267698,5.43295342
"KLF15",6.226069229,5.712315186,6.295955952,6.391575223,6.012750319,6.588461005,5.42116249,5.266807433,6.650011651,3.5049228,4.683216875,6.050649505,4.782734704,5.428682127,6.023984111,5.529996026,5.48045177,5.184366935,5.696982621,5.783250345,5.491957914,5.557371539,5.385586216,4.73884933,6.121943978,6.181524298,5.917252034,5.720939127,5.280271006,6.532247985,6.439711138,5.290227419,5.258842095,4.991423952,6.026294069,5.260889159,4.920988985,4.820651769,5.704029802,5.787541892,6.724110584,6.010422021,4.912684723,6.369213377,5.678845279,6.441754118,5.921853813,5.208170831,4.312253623,6.816415854,6.405693343,5.546441747,5.982741705,6.194366638,5.328543815,3.795028035,4.994986727,4.983146811,5.917547063,5.997209915,6.008775913,5.331462426,5.874640458,6.712298621,4.969566547,4.01179249,5.646510316,6.304698128,6.4189679,6.483142881,6.808130139,6.581040141,5.904997645,6.121698035,3.875240236,5.257022054,6.48747481,6.063078936,4.860758463,6.232505792,6.123424223,5.341307971,4.988008094,4.906355588,5.452603681,6.324727414,6.12006026,6.507392267,4.82424923,4.620196679,5.974043978,4.306404332,5.555829732,4.673766795,5.818833413,4.732909303,6.476691944,5.545392208,5.716555685,4.69607785,6.226586722,6.926942755,6.463671183,6.160599799,6.216273436,5.68490498,5.236415591,5.710794279,6.01132217,6.291256624,4.823033557,5.614815637,6.665417607,5.087678844,4.991422561,6.36668508,5.307032779,5.143137655,5.97211402,5.501251737,5.823964271,5.439455321,5.707217732,4.953196091,5.732202534,6.307809631,4.950619964,5.593226778,5.150447094,5.619365304,4.779921527,5.356017941,6.97040508,5.521205759,5.273745062,5.548237714,6.657359317,6.64576527,5.276071431,6.79625659,5.873595739,4.847748446,4.77763411,5.20099253,5.5505644,6.038339584,5.621761008,6.098465565,6.875036068,5.99918115,5.921142802,6.997456661,5.431937827,5.04048412,5.790287329,5.989759959,6.663383535,6.249782778,6.230170093,5.882441764,5.502569818,4.259048881,6.770569566,7.250848877,4.879241952,5.59633161,6.670340696,5.06628615,6.561751304,6.057654038,6.055120808,4.47589125,6.650425371,6.632165292,5.931735111,6.071166827,4.968933841,6.435232375,5.409869535,5.93807878,6.449816103,5.451234295,5.802605782,5.18098875,5.722481893,5.292793402,6.128444852,6.791869355,6.060995631,6.122366442,6.456434269,6.612368401,5.821739913,4.727068863,6.012189405,6.850121697,5.814763041,6.525160404,5.625089956,6.397359608
"MRGPRF",2.573044071,3.007067716,1.85732731,1.846501246,2.149088618,2.307513102,1.382515262,1.013728436,2.15683074,-0.507987831,2.847257707,3.387631362,1.29280052,1.423408115,2.713130193,1.605666778,0.573530506,2.609424116,-1.983332194,0.968456869,1.66958596,0.555717092,0.687077969,1.329708185,3.085664853,2.408113728,2.907397437,1.694143201,0.20509394,3.292793858,2.541851385,1.755937687,0.662572498,1.464070708,1.884877666,0.894505522,0.397119101,2.079263941,1.846822583,2.790536061,1.926299775,2.25320087,1.472972882,1.362104149,0.983722134,2.558984291,2.336871804,0.885457768,0.510488754,2.549106532,1.445285106,2.883219753,1.569478467,2.368945686,1.425097928,1.944920503,2.886760104,-0.028745242,1.951422138,1.407137635,2.50523609,0.765730826,2.869472093,2.651206322,0.584823193,1.288278741,2.089292727,2.75514315,3.967716782,3.009892677,2.531189174,1.689905022,2.411444921,1.533446136,0.686620674,1.671095642,2.306691106,1.939073177,0.437233629,3.503029879,2.00494127,1.607804227,1.265200357,1.058290185,1.745420469,1.843031094,2.497608033,3.120720912,1.250172702,-0.295731919,3.18807383,0.442172207,1.50900149,0.426873833,1.748019286,0.167579746,2.674933704,1.778531653,2.022223521,1.323897596,3.175433734,3.45467802,2.034963608,2.078396359,1.551339738,1.188608866,0.987222546,2.262778614,2.826553489,2.213399346,0.235227574,1.855919342,4.580101747,1.130347715,0.896982462,2.813090866,2.335396193,0.701465661,2.140246602,1.508370974,2.476282746,1.094842691,1.585457625,0.740279698,1.705300118,3.328468966,-0.144819879,1.989468607,0.947185206,1.903555603,1.241461613,2.016832178,2.945564918,1.626186895,2.219973955,2.8195667,1.683839713,2.309320091,1.401855999,3.393941431,1.145179926,0.757674624,0.705960814,2.174084587,0.341405998,3.173819278,1.80099802,1.673023838,2.39850041,2.569009936,1.81389911,2.831865541,1.643583435,1.279277502,2.185135536,1.581504334,2.315606887,3.220766525,2.868062856,2.042283965,1.991488608,0.252346925,2.605979645,3.401008622,0.649299766,1.437619377,1.989316943,0.485660495,2.582452179,2.132837155,1.747247966,1.698594908,2.048813814,2.531146589,2.526449617,3.420872377,1.733753304,3.357404043,1.545355235,2.304139772,2.659845686,3.763877203,1.378679455,1.923420777,1.355122659,-0.435707522,3.026997835,2.565573769,1.077879152,2.176363382,2.830177198,1.900693686,1.297545644,0.810466143,1.512078332,2.349162183,2.508080185,2.234011242,2.416449918,1.830476617
"NUPR1",7.991159066,6.238948409,6.271548835,5.971210873,5.698749474,7.123072312,5.804485496,4.960134937,5.954328912,3.489806888,7.886075614,6.982310084,4.567479317,4.940535486,6.510515462,6.226455865,5.590647209,7.184285876,6.064203501,5.686936097,5.780927583,5.358024768,5.664611278,4.775610268,6.595537946,7.128111984,6.089013948,6.921799929,4.384263633,6.376425059,6.742641594,7.351746353,4.481548812,5.684936196,5.691060012,6.099284117,5.342270968,6.685404975,5.252805718,6.026046866,6.411779805,7.17709153,5.279714497,5.68270633,5.052464479,7.30852227,5.600944785,5.505582392,3.870078686,6.718583218,5.067864505,6.190746702,5.709283322,6.458290672,5.127590925,6.110391579,5.657960398,5.52045959,6.714860168,6.080726239,5.64386855,4.440328901,7.062386481,7.562866834,5.7343898,4.406468536,5.760556372,6.035915402,7.321627211,7.053266988,7.709196716,5.470269896,5.995376895,7.021607057,4.417571172,5.074146159,5.087008884,5.927493398,4.195817073,5.798918555,5.900820223,6.356968875,4.310827816,4.604872301,5.022752499,7.318266368,5.973845987,6.378782065,5.639665433,5.151884992,7.04528838,4.61139501,5.922166748,3.848345188,5.887350369,4.000187795,5.378035339,5.323450256,5.613563049,5.851858041,7.01004635,8.308498656,5.35691923,5.899959089,6.654351339,5.061566683,5.058242996,6.188052441,6.411071086,6.291256624,7.01587767,4.853780882,7.267425194,5.081667136,4.646380691,8.32849683,7.171371218,4.242610522,6.380507414,4.824369973,8.416285502,5.518399849,6.305826096,4.657173824,5.870603262,7.337366341,4.12188151,6.552635566,5.3493809,5.417428622,3.471703111,5.704236686,6.983561546,6.675716938,6.372560917,5.893229975,6.383539607,6.148859024,5.969607334,6.840265774,5.842838333,5.344770194,5.044902952,6.194191153,4.545400623,8.026333063,5.706919485,6.086454358,5.790308649,6.540731908,5.381657474,7.523980246,5.315157045,5.191132093,7.38268744,5.192879628,6.634501043,5.932556978,7.175095359,6.625854252,6.655368024,4.73206221,7.542931109,8.461530272,4.899266867,5.729225193,6.760646907,4.631013628,7.084358836,6.901809733,6.771302235,6.577037303,6.639061764,7.028499198,5.588433721,6.886541364,2.99607187,6.680213204,5.949568369,5.867249911,6.3848769,6.879272917,5.709766781,4.573378254,5.578314197,4.949020095,6.669871866,7.09890468,5.47761592,5.661986765,7.099996787,6.328460537,5.374520295,4.874993714,6.018896235,6.890397733,6.066751392,6.485143714,4.946420872,5.983690569
"PIK3R5",3.483925655,3.268063077,3.358854694,3.820365062,2.473911436,4.116590867,3.364967486,1.811035386,3.978930599,0.61491884,2.948096543,3.312584683,1.326698904,1.105870347,3.847396542,3.507405497,0.800152125,1.449129666,0.59571992,2.628498559,3.13182408,0.429439721,0.477633646,2.144070523,2.220836749,3.350718807,2.865762182,2.440280905,1.87973797,3.342019878,3.277017303,1.430561762,1.990553728,0.315362991,2.22409944,1.381883938,2.27333788,1.00922457,1.913860502,3.586994822,3.539385812,3.161840635,1.657784837,3.923097459,3.161749621,2.840366646,2.590399579,0.78425461,0.923538724,3.470431977,3.264895753,1.846269907,3.218497328,3.283430163,1.960166003,1.34130137,3.057655981,0.924658243,1.128638289,3.137335736,3.931451599,2.413174864,2.095439892,3.291242912,0.484057646,1.210508027,3.273512764,4.333049105,3.41519182,3.902712521,3.964690743,3.233830394,3.562119492,2.441376185,-0.456102945,2.891821703,2.617987292,2.127656455,1.833407112,3.245313263,2.662974695,1.939017404,2.525253531,1.379109003,1.722923702,3.473485178,1.751695232,3.074105484,2.643484491,0.620473476,1.692034804,1.675625694,1.641387824,2.252758131,1.857169164,2.127752633,3.490561071,2.484310174,2.948418357,2.217809003,4.084053125,3.796500613,3.444237824,2.866225267,1.898933338,3.080241538,0.10858725,3.458261209,3.755697866,4.266286211,0.059989065,3.120176169,3.996125027,2.083886588,1.28603822,2.620669424,2.486464263,1.960457196,3.896807474,2.774239421,2.259029031,2.489353936,1.008333495,2.137558535,3.198409359,3.078344732,1.43626785,1.454290148,1.923127561,3.14303511,1.53836283,1.843558251,3.540021526,2.009609805,3.139344928,2.200535655,0.869170824,2.880883619,1.410213172,3.569701857,3.007578906,1.947254083,1.952026095,1.3795204,1.379266306,2.997106834,3.149555839,3.584290044,3.173853288,4.851155088,2.454766171,2.804586445,2.558812819,1.963731974,2.217326479,3.107804628,2.416500748,3.500305384,3.235327151,1.488271467,1.268478883,2.566974713,2.775043424,4.015173426,1.486692647,2.894604288,1.127654211,2.493916643,3.314251357,3.109217106,3.430001855,1.034021149,3.697276179,3.32499257,3.393835791,3.409547335,0.630988628,3.338440315,1.257506358,3.503945501,3.680860994,3.197979264,2.381094819,2.116863468,3.451128355,2.072172418,4.447985259,3.359142544,2.206704586,1.76808143,3.996412246,3.864279877,3.245840126,3.18399827,3.899146461,2.533400526,3.285441379,2.28151274,3.469655246,3.643361595
"PRELP",6.108676805,6.207478979,5.489885297,6.346144728,6.04770379,6.532613648,5.365451888,5.770378446,6.012677089,3.893620783,5.656453042,6.287891866,5.611868801,5.145212964,6.725792858,5.446818568,5.455702162,6.261028781,3.807361822,5.569629075,5.849419161,4.792286362,5.210160679,4.657147953,6.444474081,6.49177937,7.11422817,5.288676867,4.838379763,7.412807592,5.790498411,5.447726551,4.92878402,4.041966528,5.587593884,4.748848966,4.132296114,5.988105568,5.353840568,6.811264113,6.171151459,5.100968542,5.47220777,5.868004806,5.57400881,4.761901504,6.186407521,4.133684814,4.135842464,6.540517054,5.577976045,6.232362819,3.663794411,5.258772937,5.601210587,5.331307544,6.575449389,4.792835458,5.598944842,5.492386036,5.766929157,4.902842281,6.210721059,6.587211995,4.837096763,4.47625355,5.670823897,6.26511856,7.156628446,6.931665821,6.283530312,5.389841033,6.016530736,5.892890498,3.813541766,5.454294955,5.840393634,5.763681468,4.632024408,6.428669086,6.400012404,5.734902825,5.132916232,5.114021889,5.169304891,6.592373141,6.79044614,6.600560631,4.730100925,4.457011496,6.640316317,4.820262056,4.914557653,4.367924685,5.94906619,3.399131913,5.633330441,5.734732652,5.619537091,4.93435056,6.947947313,7.316130364,5.957951141,6.261147591,4.956762668,5.285835854,4.781231716,5.494062621,5.934054688,5.110476234,4.876911204,4.290026203,7.622432959,4.937661614,4.513389567,6.085948091,6.551773568,4.497617294,6.21830339,6.133180759,6.110514776,4.801862009,4.922430828,5.162118081,5.345866145,6.872088779,4.958731658,5.219597355,5.257447729,5.774031608,3.908621993,5.970347492,6.57847163,5.427180471,5.645483921,4.270684451,4.707413958,6.449625414,5.583277834,7.217069234,4.85103873,5.289673866,4.394716371,5.574568034,5.035248864,6.152757387,5.408614778,5.908384773,6.143100167,6.788679687,5.132969863,6.177362058,4.926938559,5.032387146,6.414550974,5.691264079,5.982802482,6.451599826,6.926406604,5.351290917,5.534395964,4.055601282,6.640159737,7.043599353,4.387451903,5.758046433,5.960110534,5.203916583,6.343042364,6.448141618,5.437625404,3.98671748,5.73246645,6.62891522,6.336707832,6.699267513,4.386528219,6.796523786,4.902748137,6.068744777,6.105843336,5.29089647,5.63839478,5.85302604,5.559350112,5.007538324,6.889054004,5.938722555,5.363532086,6.081414168,6.028316568,6.221211844,5.646284549,4.43024699,5.559946453,6.294671262,5.92161838,6.118491569,6.64303384,5.305475224
"PRX",4.690033822,5.32429377,3.74855313,4.180373423,4.05989883,3.838686978,3.708544303,3.532221738,3.873948027,1.654696313,3.932784744,3.723218743,3.341829022,3.41812467,3.705716535,3.998774027,3.078791952,3.323991792,2.276728423,4.067473802,3.974158732,3.079051396,2.828519026,3.045470227,3.826453744,4.70369015,4.21729484,3.302600453,3.13149782,4.760195796,3.874737061,3.869205123,3.419566259,2.433601651,4.145418462,3.094485147,3.159982055,2.911908679,3.537268637,4.249234541,4.981417619,4.483150078,3.259370828,3.562645813,4.468862507,4.810686982,4.237428843,2.206724226,2.572402931,5.089044685,4.52506451,4.112659897,3.405950113,3.606638842,3.521959152,3.447036578,3.756949186,4.371673859,3.085832064,4.223643997,4.511616753,3.777898432,3.635320608,4.249618096,2.552769668,2.592452064,3.756818389,4.783549389,5.568663265,5.239738546,4.067806226,3.907381677,4.540782837,3.66867001,0.891610258,3.94877044,4.246739181,3.929816801,3.922139099,4.164461106,3.396957792,3.302289579,3.533862729,3.666951654,2.892467048,3.776684208,3.394188878,4.894694669,2.958300894,1.939553262,4.290271074,2.629115301,2.986581306,2.845906354,3.225204027,2.461869266,4.5817561,3.830646744,3.674034863,2.172690506,3.496317125,4.436339164,4.226550148,4.996016791,4.026629049,3.248836486,2.379496856,3.367774424,4.795301247,4.223820025,2.868482118,3.875139326,5.444778279,3.645198034,3.32655473,4.412378967,3.724451512,3.35274245,3.636505383,3.810898785,3.700232761,2.991345373,3.09712809,3.301515071,3.838452148,4.275968032,3.934430155,3.038574528,2.837589699,4.880330503,2.957367545,3.262558736,4.387748022,2.411133473,3.639463396,4.574686508,2.648609684,4.804862434,2.775821394,4.325183762,3.084716379,3.279527878,2.508185823,4.415325669,4.377272821,4.431815557,3.534315755,3.863033335,4.666244336,4.400376015,3.457852611,4.013503542,4.004564616,3.661035926,3.196182887,3.6683122,3.923920568,5.279119345,3.624408991,3.407791203,2.678839834,2.117392547,4.431599451,5.069828554,3.213249268,4.379661273,3.412458179,3.644231409,4.344784649,4.081760594,4.254675235,2.032093401,4.395753895,4.058464275,5.693179919,4.244776855,3.331874482,4.510015378,3.295303929,3.679578721,3.588740154,4.407308293,3.690655121,3.564840214,4.054136229,2.354373561,4.86188572,4.603186363,3.420690847,3.928660244,4.70544898,4.118827967,3.220468677,3.559368666,4.102263757,3.966128022,3.861273455,4.068442233,3.777627204,3.699109329
"TCEA3",2.668747836,3.529396075,2.804623596,3.000123222,3.131097123,3.29272017,2.365627547,2.1583214,1.952865871,2.494000021,4.900112236,2.736388943,2.654083806,2.28114904,2.674645202,2.815334749,2.831910944,3.122740614,2.304555572,2.906057768,2.655366412,2.551792983,2.806254975,2.346593858,3.34777282,3.238618967,1.969773362,3.472907136,1.786732561,2.261502431,2.373838854,2.539273401,2.082920999,2.539892997,2.752010591,3.000341452,2.593313041,2.64267195,1.858214133,2.462366018,3.460859324,2.311698696,2.410038285,2.566632782,2.7452528,3.082096349,2.549981372,2.929757093,2.056060519,2.448995084,3.170073095,2.19609348,2.724151529,2.443337858,2.231092677,3.701780351,2.115852747,3.315075048,2.853920291,2.643722696,3.178922752,2.270093963,3.220133703,1.573317293,1.753495139,2.503944716,2.962920872,2.942440619,3.071251009,3.372335193,3.116438727,2.157887244,3.167451509,3.809187426,2.818987881,2.822090388,2.411372467,3.651095656,2.247440541,2.868740644,2.705194045,3.532195888,2.224318983,2.328054935,1.810879538,3.576285744,3.665788989,2.714261289,2.22537612,2.869337951,3.025557533,2.015977929,3.398348979,1.484655442,2.016262558,1.74527431,2.889883843,2.419278153,2.935705383,3.262026736,3.616276894,3.43851641,2.748671359,2.544063781,2.95444868,1.945596203,2.732184502,2.884174393,2.985057128,3.149018232,3.261794235,2.259712505,3.19098565,2.952191006,2.67201442,3.56275609,4.628322168,2.174501388,2.389598151,2.477228597,3.690606949,2.502634887,1.882067504,2.314648604,3.013471677,3.328468966,1.994517925,3.027729705,2.211446616,2.923789283,1.973909394,2.663787843,3.364271829,3.479404284,2.818754685,2.351512071,2.188481473,2.931288836,3.964789333,3.101390594,1.342354614,2.835659173,2.539036279,3.07004641,2.012857482,2.969997906,3.259768939,2.290757448,2.416093296,3.266388786,2.561594748,2.985521361,2.649617623,2.287781332,3.539534822,2.564717554,3.538982236,2.981678652,2.551685143,3.31563907,3.253717146,2.695925679,3.5900599,2.996535209,1.528435227,2.894604288,3.266091411,2.972167735,3.078490046,3.18080177,2.327518909,2.590557401,2.571394701,3.181520701,3.1450694,2.579766997,1.565600198,2.74944108,3.537561542,2.467919098,3.362636529,2.955556191,2.171622778,2.141341172,2.676039631,1.581989677,2.730244144,2.331100317,2.170668798,2.78076335,3.095199622,3.277540957,2.847729808,1.729438943,2.49419038,3.338715239,3.106262447,2.953988207,2.443253316,2.589297542
"TMPRSS5",5.555696281,5.424091106,4.548110348,5.386624302,3.919668899,3.896070575,5.191870453,3.171496019,3.897574643,3.069405673,4.661106293,4.029538551,3.76911983,3.894314784,3.509766996,6.530364029,4.612302327,7.249681388,4.435919891,6.789300671,3.91288869,5.525573114,4.337106123,5.814155783,4.112883584,6.44623906,3.249270395,6.85613638,5.956420411,6.368810414,6.416308642,6.128878478,3.343185434,6.422152763,6.690603381,4.091721011,4.633599472,2.819713033,3.360304624,4.357621066,4.311169983,3.939372034,3.140269161,5.722049314,5.47654888,4.489658533,3.894229169,4.991879792,2.171991595,5.945639101,4.262439832,3.86381485,4.593419069,4.251402734,5.479130149,4.179478665,2.953240621,5.790441382,6.503920508,3.165687464,4.568314133,6.827612069,5.498884423,6.351836646,7.256319874,3.525701167,4.378902417,4.883321033,4.008854509,4.843018515,3.606318133,4.270353633,4.572870815,6.090363563,2.772184023,5.307651148,4.277532581,5.539536805,4.551621919,7.225680177,3.742693162,4.728672669,4.872654746,3.333988585,3.759907822,4.453464784,5.233993049,4.330126576,5.699304944,6.482414482,5.733529752,4.19566289,4.727199788,2.940035716,3.196409935,3.476550129,4.260914448,3.860893422,4.275530246,5.373716344,5.382481629,4.736508089,4.36382457,7.800167843,4.770795871,6.626031301,5.922242666,4.207490902,4.349246861,7.322322325,4.906355934,4.033338816,5.495435382,3.637022365,5.206439949,3.43480331,5.485074045,5.561141902,4.516485759,4.491891342,5.069098961,3.444434478,6.907609658,3.942637133,5.812179498,6.307116147,3.105231324,4.815266332,5.209792441,4.583327529,3.286513537,5.456804895,4.705131903,4.129019927,6.100489672,4.686464378,7.620531019,7.127602993,4.710166962,7.23312016,3.744311104,5.593525783,3.373185193,5.417396292,3.322953795,7.999353912,5.994403183,4.847244632,4.360313026,4.960585032,5.734329643,4.951149679,3.851122964,4.018879395,6.201763539,6.28440212,7.587888251,7.192334587,6.827913251,5.244266233,4.650250125,5.130843082,5.440598966,5.115534601,4.630438453,4.404180129,6.215535758,3.957111246,6.656538227,4.024540359,3.787174465,3.606123453,4.331316171,4.566374584,6.414127503,3.426501734,4.620655118,6.086984408,5.087322946,5.767330596,4.453394531,5.09983851,5.302240045,3.256661677,3.941473302,5.649718648,4.641850268,6.366660546,5.883835546,3.991763187,7.662095962,3.520936299,6.501870221,5.264011053,5.408565303,6.620375832,4.447665378,7.173233162,5.527224142,7.247176122
"CHML",0.675555053,2.062709895,2.075267628,1.563464602,2.589506947,1.666526336,1.929994176,2.946916166,1.1449842,4.725655764,-0.082482126,1.026322844,2.98117907,2.28114904,1.23001744,1.969237988,2.669207048,1.03983979,2.751305294,1.559698643,1.972255772,1.765472668,1.64752147,2.372423433,1.056662523,1.364525227,1.615114339,1.507148951,3.884190543,1.486742075,1.653642245,1.625362699,3.778396438,1.702445751,2.04224425,2.384319718,3.848988007,1.849878502,2.663232709,1.896495409,1.068948177,0.539141309,2.890657809,2.050215688,2.469405334,0.953332053,2.352623701,3.271049493,3.739258125,1.173816027,1.665200636,2.817430249,1.569478467,2.402483309,3.232243409,2.574429546,1.574367877,2.374380377,1.093553656,1.667204401,1.973924626,2.4059878,0.615063554,0.64594761,3.438617162,3.748425874,1.549564828,1.41862297,1.226966985,1.973022065,0.730687072,1.658862169,1.256079353,1.771944908,4.224056242,1.891370301,1.535878255,1.409548848,2.929567928,1.683549346,1.705493142,3.118516964,2.877477403,3.010579364,3.049872457,1.194536442,1.766200501,1.751367354,3.099329636,3.695853167,2.03133919,3.429788782,1.36322819,3.494031193,3.061496094,3.535022978,1.399004831,2.169769769,1.490188427,1.637908096,1.309654486,-0.075954629,1.198438309,1.597430562,1.580164137,2.027377824,2.026202019,2.70850804,2.337399474,0.560381048,1.44646249,3.32531521,2.078379675,2.603533591,3.083779434,1.616571303,1.494857744,3.499704064,1.61840668,2.198934966,1.133303687,2.682616528,0.705784076,2.83386887,2.293788394,-0.332563704,3.799426705,2.461861092,1.650730353,1.270751614,3.780145412,2.127711444,0.734018034,2.378913553,1.141715685,1.568796227,0.231776966,0.773054916,2.775821394,1.338869702,2.172667139,2.222962644,2.884782603,1.874625227,2.686539354,0.671953867,2.029775579,2.143951995,1.980542151,1.206122173,1.706242526,0.866758775,2.438587863,2.574704588,0.082476876,1.563779444,0.456374281,1.645888894,0.632475954,1.488271467,1.298444517,3.379666934,1.036431883,1.729465585,3.359185298,1.940586721,1.55740513,3.224181241,0.449645581,1.825556598,1.435176946,1.247614419,0.826355907,1.06858433,1.963798733,1.197709436,3.550382545,0.751343131,1.629817549,1.286195672,1.510424038,1.657829026,2.369579873,2.613247757,2.32035284,3.161843385,2.325385121,1.801608698,2.334348098,2.205696091,0.72234796,2.166034351,1.786727857,4.878893823,1.772353497,1.447473346,1.687631874,0.636858042,2.425439828,1.193408586
"ELOVL4",2.47053769,1.201666144,2.491396142,1.909362319,1.762439066,1.908829156,2.500159461,4.397881651,2.555141441,4.841326682,1.535129291,2.501296165,3.829476947,4.154914256,3.352871617,2.116919736,3.665494058,3.115274285,2.724088889,2.249554971,3.493197691,3.147504477,3.179749695,3.957712251,2.605476797,2.214270004,3.249270395,2.315539968,4.559659015,1.952937604,1.887192445,4.577015742,4.64803001,3.380470377,3.01007118,2.747430523,4.297064514,4.176867391,4.111386898,2.708941361,1.496992212,3.090124179,4.501425857,2.80981,2.338971817,1.968877107,3.651595526,4.020037542,4.594913037,1.294110154,1.950310437,3.653679387,2.38899408,3.267592452,4.214195287,3.938181645,3.38649246,3.161212744,2.266977513,3.14305083,1.852134923,3.706567208,0.746624247,2.133233767,4.273652068,4.545987949,2.200358072,1.651342123,1.080292546,1.222325188,1.793649304,2.457547029,1.592952164,1.903183,5.350656577,3.202907756,3.046354518,2.55321511,3.832701353,2.891814039,2.970488358,1.987516853,4.132868072,4.44558264,4.693108518,0.856120716,1.836616694,2.534647179,3.289758193,4.480937849,2.759631271,4.081514934,2.568783409,4.654295766,4.839092864,4.504005216,2.229349258,3.365849051,2.707946006,2.663302722,1.661629252,1.761890201,1.876530695,1.812480455,1.932852552,3.974681914,2.786369312,3.063994709,2.618823785,1.521102851,2.419744672,3.830029094,1.539169664,3.766331744,3.819371624,2.902881802,1.905704607,4.130183997,2.522655983,3.726305786,1.652786386,4.04847219,2.962738887,4.093524216,2.620450034,2.260509463,4.840794795,3.97489613,3.573169085,2.39603489,4.288299364,3.860672872,1.735907491,3.60077795,2.577408089,2.8195667,1.159836139,1.887273781,3.519716469,1.648384069,3.181542004,2.895929116,3.933594694,1.027058838,3.469183713,1.269422174,1.438129248,4.069677778,2.015585991,1.452843838,3.273175235,2.267440802,3.28096495,3.362605123,1.816214495,1.563779444,1.411407041,1.786493966,2.246411559,2.498588663,3.021921652,3.509758042,1.874170619,2.286184248,4.630438453,2.994870558,3.001102132,4.030808703,1.658522909,2.68578441,2.51898871,3.71483472,1.480901136,1.633110776,1.192229574,2.967310847,4.408001257,2.429265728,1.938794508,2.882862052,1.724689117,1.499122142,3.359197926,4.272775671,3.009856473,4.022509154,1.527653782,3.022100504,3.566486917,3.276259453,1.610436991,2.002915606,3.014468215,4.444352538,2.6141998,1.40361966,2.418727688,1.127522073,3.720338603,2.017511341
"GAD1",4.18003837,3.652370985,3.892376349,3.803915322,3.174942527,3.94487455,4.346891027,5.199410735,3.633834034,7.067525185,4.201445491,3.960204539,6.392293677,4.480123668,5.139368241,2.888423236,5.005226852,5.059602484,6.267572724,4.190049641,4.803431524,5.768796219,5.000641464,5.758924505,4.774061673,4.84757245,4.673322006,2.897340089,5.484710575,3.957373074,3.052547281,4.338506105,5.436529405,5.177468048,4.3338204,6.354028202,5.323283542,5.802859529,5.478101141,3.76710515,3.592350489,4.564787817,6.451131712,3.982211549,4.439321976,2.621573819,5.072234782,5.484565268,6.919431695,4.028186433,3.886501916,4.61677741,4.740071337,4.839370919,4.924915132,6.382628638,5.101420476,6.27441102,4.687817697,4.486707059,4.157157271,6.067769559,2.898056188,3.469848862,5.730271001,6.082355496,4.318626692,3.173786367,2.159553464,4.017509273,3.623346076,3.667245088,3.356282936,4.168775056,7.504387252,5.065119259,4.41733109,4.602281672,6.671796723,4.636896983,3.920463386,4.299896548,5.303465387,6.348372601,5.64361773,3.592728924,4.690790141,3.297952984,4.710244314,5.86073962,4.943002279,6.738155046,5.434632426,6.379117373,5.320050058,6.432929844,4.436822685,4.956697167,4.428550572,5.361202791,4.292905531,3.757946855,3.830752332,3.177939476,3.269639628,5.840068197,5.210226852,4.417539249,3.74939941,3.716977945,5.856127964,5.10723154,3.786795298,5.432838271,6.836197909,4.0093543,4.217525228,6.804760662,4.311053001,4.569483761,4.225192187,5.804371629,4.947557418,5.687945096,4.117977995,3.632949735,6.709399796,6.052391866,5.697448943,5.140157078,6.954641875,5.384210908,3.103190649,4.338981476,4.354749957,4.278783393,2.816655319,3.600824515,5.268621934,3.886228697,4.852509951,5.375670149,6.185434375,2.581480792,4.617753463,4.546360143,3.976585993,5.519152377,3.094129312,5.067595458,5.271610642,2.59766117,4.677555511,5.754080066,4.346969805,3.359690965,4.059359499,3.430578137,3.492416266,5.304109676,5.685195051,4.827280663,3.608082709,3.701098604,5.452871334,4.866500624,3.932650584,6.654046018,3.452422092,4.48906839,4.188105919,6.839989355,2.700908369,3.850961905,3.088060288,4.561098335,6.681156044,3.382307378,3.428602838,4.392352382,3.492877209,4.123026864,4.813046828,5.456054704,5.596146382,6.481738228,3.821782259,4.197873451,4.09470792,4.445527401,2.441861518,3.962693848,5.226259626,6.95792731,6.158309321,3.185288876,4.663999944,3.597607302,5.470806793,3.40303974
"GAD2",1.992039947,0.879310114,1.875311903,2.013180348,0.205021193,2.104820161,3.259308235,4.379464778,1.913675947,6.371910578,0.417027663,2.552929366,5.307897955,3.199773071,3.694219283,1.436012061,3.621665689,3.780958861,4.947739761,2.68190773,3.310899655,4.410218962,3.54500907,4.61719717,3.78046529,3.281683548,2.69559009,0.999670971,4.643278484,0.13981739,0.782768108,2.547310409,4.159724431,3.783837746,2.598252428,5.130207894,3.803560356,4.572541708,4.053102658,2.933898487,0.253519606,3.573967366,5.605296837,2.26494675,3.518850309,-0.292385227,3.732079178,3.705771492,6.093439089,1.255116056,2.61997583,3.392649978,3.03090023,3.303540751,3.780094403,5.27650565,3.939299277,5.393074921,3.003171648,3.284212454,0.956632423,5.229298414,1.154615623,1.170031149,4.201433839,5.162645232,2.583073189,0.61996699,-0.092625577,-0.43332531,1.651481743,1.689905022,-1.147200848,2.068912866,6.116694757,3.411965343,2.829238954,3.241399488,5.650177861,3.195184693,1.464593789,2.932852852,3.697226414,5.423068995,4.58031243,0.0815574,3.251989962,1.343178753,3.830826,4.625053635,3.358428204,5.736298434,4.252660427,4.866583752,4.268850451,5.333844694,2.819044579,3.556002488,2.922879387,4.063415485,1.22160138,0.850928853,1.592730308,1.139384632,1.965992576,4.50374402,3.877506582,2.508447492,1.801067704,2.25616886,4.408551481,3.802819465,0.721664581,4.288838204,5.802683035,2.176530444,2.105695334,5.889702002,2.709724611,3.257694707,2.430752501,4.971449838,3.376262821,4.572597343,2.458933483,2.153469825,5.727365687,5.158769683,4.805636435,3.904770659,5.782793198,4.13072967,1.653334255,2.733411878,3.355090521,2.727889029,1.772592125,1.845828617,4.366957914,1.179329586,3.449943016,4.47006714,5.015588353,0.093036659,3.176273957,2.666559268,2.004668949,4.130735253,0.907928623,2.613163132,4.053637358,0.346033537,3.579888243,4.553746058,2.653547447,1.245835192,2.0364629,1.116603645,1.437405632,3.678331046,4.045761291,4.181077828,1.036431883,0.85958575,4.468317692,3.424498146,1.809736055,5.831571,1.560054207,2.302904028,2.230480571,5.448983436,0.463753084,2.384682158,0.677671539,2.742058919,5.383594719,0.825854142,2.193129778,3.139724086,0.677602556,3.123260035,3.554904025,4.276463913,4.401082044,5.42522504,1.72950843,2.620616871,2.953782709,3.146136558,0.09778089,1.198217797,3.785115868,5.879390372,4.791890402,1.40361966,3.424546581,1.716834435,4.077639455,2.080733399
"HPRT1",3.22523646,2.000204114,2.895549617,3.09782062,3.376163251,3.070292142,4.298471764,5.651519532,3.17933592,6.078861908,2.025160514,3.215220639,5.306836855,5.073869858,4.856111898,3.024349966,5.125176123,4.265404835,4.727316433,3.671641494,4.629107144,4.903349931,4.305707922,5.463138046,4.178185774,3.508091635,4.343993367,2.819084785,5.75172781,2.503246119,2.880801922,4.99499109,5.936080475,5.089194502,4.167798648,5.034792749,5.575518851,5.392444252,5.073836128,3.631961916,2.663801666,3.886468751,5.947130945,3.917339135,4.10244031,2.941968021,4.748277441,5.757471625,5.898039379,3.001928556,3.240212827,4.936385172,3.890104795,4.365272731,5.471309327,5.059043971,4.583943412,5.324367341,3.433202241,4.807764582,3.401475668,5.11934455,1.939171744,2.865891643,5.712749698,5.991110627,3.060371398,2.256738944,1.718576505,2.610805499,2.531189174,3.397920217,2.49420311,3.631292923,6.551227361,4.211295593,3.96998932,3.851704639,5.709164862,3.888632535,3.935320024,3.716131059,4.953729509,5.944851024,5.279391411,2.903883083,3.082683798,2.990114107,4.881005558,6.111724829,3.815873655,5.665585273,4.18608645,6.109856914,5.758202381,5.942208568,3.352464102,4.634193895,3.846948009,4.538286637,3.010060425,2.660534116,3.029196487,2.718225794,3.135276246,4.676345823,4.81493227,4.598205587,3.597552268,3.566506691,4.588862378,4.857752586,2.999078332,5.420982954,5.427530149,3.710987863,3.276447544,5.512397917,3.554513045,5.242755706,2.407436953,4.963067339,4.505496658,5.446957173,4.120328983,3.780137179,6.15439622,4.815266332,4.758386946,4.404460156,5.453609746,5.029387855,2.844979124,5.190899542,4.022553993,3.786234896,1.549631525,2.729591943,5.148883631,2.464187978,3.897546654,5.090589934,5.646135084,1.874625227,5.007090022,2.997106834,2.886439335,5.100481664,2.869924213,3.389973704,5.096715342,2.489248923,4.638861985,5.130472703,2.851128857,2.847085976,2.174567857,2.463158576,3.816575843,3.283565534,3.714580136,4.606444132,2.764368448,3.223762258,5.828491189,4.647804124,3.914045017,5.45906942,2.830720327,4.127769397,3.964969997,5.69858544,2.929537324,2.831787645,2.411654558,4.231975032,5.305654984,3.312761249,3.64293639,4.278492599,2.756163602,2.991235099,4.919538473,5.540533664,4.258314393,5.726908076,2.776561024,3.956392458,4.602185221,4.180875982,2.59542607,3.246619815,4.725964541,5.724011482,3.820713681,2.75025795,4.064776397,2.67448665,4.807195649,3.304327191
"ITFG1",4.423559063,4.650493893,5.262796348,4.70591262,4.925462207,4.653464489,5.278672476,6.191246193,4.98059793,6.985931889,3.214167092,5.00973351,5.907591531,5.938382694,5.113705641,5.058266075,5.259938295,4.600944241,5.543913683,5.264018263,5.691715008,4.887425902,4.101453645,6.351329132,3.980838135,4.844384274,5.105891423,3.494647774,6.377593828,4.490769229,4.823582464,4.684770942,6.384736823,5.485677435,5.126613839,4.866416815,6.164930711,5.108953388,5.95873476,5.118104764,4.207472206,4.890641231,6.289371208,4.986229589,5.288341794,4.925001233,5.4498737,5.92729973,6.937389019,4.232708549,5.100800136,4.247835767,5.399936271,5.259916955,6.079688154,5.193826851,5.160454627,5.956492925,3.718720104,5.439957428,4.521638596,6.105415982,3.810943527,4.733461844,5.439841278,6.621238497,5.024774567,4.760606356,4.572403717,4.65989572,4.326217867,5.276818716,4.372327208,3.740638829,6.11157669,5.652125931,5.145847055,4.563602124,6.396293617,5.251645774,5.044803988,5.030127239,6.338326357,6.682204307,6.441769947,4.35086416,4.683166507,4.927114023,5.975890668,5.950264135,3.889999293,6.08159801,4.659663585,6.823852711,6.076433064,6.973605785,4.741387526,5.863897306,5.251410731,5.075855253,4.500475376,3.963932725,4.802220738,4.745403711,5.31501982,5.768540826,5.46402656,5.522303652,5.042853185,4.600919538,4.18118562,5.604610053,3.871846458,6.017042985,6.211179063,4.747393881,3.458073138,6.415443513,5.111364644,5.828806359,3.651448304,6.300814728,4.716497721,6.322403044,5.188960845,4.762318918,6.633312889,4.714047524,5.327220141,5.221601017,6.362243609,5.996760937,4.390299738,4.868134148,5.342739436,4.902784071,4.244151598,4.5318576,5.126234201,4.460243556,5.488936215,5.820393504,6.600675442,4.672684552,5.808458831,3.807680707,5.098876046,5.503178134,4.644020409,4.221780105,5.841399043,4.409820334,5.839796098,5.97997751,3.684750624,4.968779275,3.161048656,4.888090187,4.818988812,3.961172015,3.399092373,6.21331475,4.618054285,4.546988401,6.346431712,5.512361314,4.471964167,6.341185408,4.089881494,5.188519036,4.939934582,5.632018693,4.587274387,4.589965851,4.476542789,5.163205182,6.213514043,4.294073882,4.459098131,5.270284868,4.549386649,5.075113472,5.488095187,6.287945231,5.338789785,6.035951651,4.520087781,4.690305316,5.549534187,5.64602618,4.806438121,4.708569069,5.609294185,6.992537367,4.922816568,4.856948195,5.377127537,3.439071714,5.383546116,5.179107296
"MAS1",-0.236221117,-2.847040832,0.046322274,0.437252107,-2.146863282,-0.705457968,1.413157133,2.804297646,-0.952146534,3.893620783,-1.770073377,0.825031728,2.757120799,1.760737524,-0.000973512,-1.136839742,2.331101718,1.963270988,3.649959974,0.76075437,1.785994561,2.58178849,2.184946351,2.910943363,0.354961519,-1.387397876,1.302034634,-1.052106761,2.600223388,-0.817988592,-4.016305464,1.077923553,2.438026693,2.725529663,0.457825042,3.12911906,1.957999741,2.388298023,2.244177689,1.49056687,-1.340019261,-4.934618277,3.020855154,0.276209893,0.432126516,-3.219587249,1.400231286,1.803195423,4.043183843,-1.234263001,-0.170139637,0.923277692,-0.162116694,0.006643731,2.167980091,2.667043865,1.700143213,2.762170491,0.483919777,1.873790131,-0.078586481,2.626077548,-1.988195667,-2.093653092,2.413581301,3.166590918,-0.879624935,-1.446335132,-4.934618277,-3.447144569,0.491988761,-0.281863893,-1.76390641,-0.694037891,3.481913801,4.613364307,1.358706201,1.625234536,3.01336308,-0.173894766,0.254019421,-0.844050166,5.153655586,3.730066449,2.405548861,-0.786842397,0.330836745,-1.210317868,1.813697346,2.50994554,1.139506667,3.240366411,0.7764766,3.685239428,2.071672887,2.727704317,-0.029457419,1.658431028,0.922216257,3.56671393,-1.850422774,-1.564745847,-0.471532261,-1.053793686,-0.901185447,3.508197751,2.637093038,0.82375188,1.078468661,-1.00622524,2.183631305,1.663623099,-2.235843288,2.35706069,3.427458129,-0.217446196,-0.366721789,3.521763409,0.206317568,2.390295159,0.209603042,2.762074129,2.401729099,3.034386494,-0.180751638,0.772168046,2.988586498,0.909760772,2.003583903,1.903555603,3.629187028,2.522115897,0.28518335,1.344123709,1.123377647,0.701688386,-1.850358552,-0.486712903,2.15007561,-1.282766339,0.749921033,2.472046005,2.520605282,-3.965118665,1.794395371,0.374049412,-0.584839138,0.873174859,-1.48945807,-0.376387753,2.248501855,-2.966263908,1.785886432,2.513971392,0.450670192,-0.024941606,-1.346283555,-1.502064418,1.156471501,1.329783653,2.131247151,1.119889109,-0.167247862,-2.374357249,2.328764575,1.42169538,-0.430527714,2.879459053,0.692108732,0.129001331,0.928060967,3.236809775,-1.228453356,-1.444140495,-0.47754476,1.567396366,3.661830754,0.254137324,0.378233876,1.714818359,-2.113876101,-0.809492197,0.858741896,2.220058152,1.15792365,2.933083117,-2.497964827,-0.403034492,2.481335089,0.79479166,-2.021588847,-0.783318186,1.125974582,3.99752185,0.688514298,-0.632387068,0.799804063,0.042684436,1.738269149,-0.012471912
"NAP1L5",3.776648982,3.385203239,4.035201233,4.154657207,4.086380355,4.025743793,4.78497183,5.952273844,3.78264008,6.988622791,2.493990991,4.228642592,6.231600812,5.914641112,4.794632635,3.614024362,5.252772775,4.875193982,6.1832742,4.776454099,5.339436392,5.529426138,4.637441807,6.208067725,4.615455249,4.204140241,4.86513237,3.335098275,6.278063086,3.486625149,3.857463335,4.640377218,6.358182656,5.570050103,4.688404863,5.913086355,5.832463454,5.83951478,5.990786568,4.423047632,3.387833467,4.849770535,6.48019028,4.295795984,4.715529731,3.266869837,5.347470196,6.171665077,6.793855454,4.03395722,4.154298877,4.488782051,4.828175893,4.756690552,5.810952278,5.946380955,5.208121183,6.209505428,3.780690796,5.208820863,3.730093554,5.985181326,3.297273733,3.862652393,5.493210442,6.25644223,3.824269516,3.281854495,3.190474392,3.498171249,3.787190333,4.042796943,3.496716903,4.189496146,7.219667127,5.185240383,4.666100573,5.075287106,6.565115467,4.487757225,4.451627549,5.07008583,5.504136155,6.451712631,5.7158858,4.148852007,4.495688367,3.791324473,5.313593714,6.287220801,3.939173333,6.589719185,4.760858185,6.975705222,6.065101036,6.371341908,4.130469667,5.260898495,4.660643614,5.606764291,3.854476836,3.190896825,3.886185055,3.848070196,3.984123896,5.543813374,5.398852983,5.080798899,4.143685751,4.131118306,5.273247763,5.303454556,3.504288944,5.982775448,6.429081487,4.620798022,4.049715842,6.373169195,4.257505056,5.758759034,3.318008275,5.788871379,5.02716415,6.056375446,4.58435233,4.471849041,6.675758863,5.316345737,5.6111223,5.282369105,6.580701955,5.706471444,3.837958668,5.380480112,5.022339579,4.726491623,3.459436399,3.470543167,5.432461437,3.632659728,4.674310163,5.865468997,6.416898612,3.23755113,5.566901053,3.501817031,4.076352276,5.249158186,3.821200982,4.012424714,5.606247289,3.452771996,5.576036199,6.003639444,3.334686533,3.960158229,2.917219977,3.332035016,4.752148565,3.884838805,4.617937359,5.124607979,3.584001915,3.766229562,6.297475038,5.16318147,3.890445474,6.253396774,3.627957365,4.528476458,4.558952156,6.612799693,3.633809056,4.014309606,3.459523353,4.816100466,6.200754656,3.856700024,4.160032715,4.776444704,3.649283449,4.194229594,5.240364732,6.02567088,5.075776676,6.408765673,4.008014104,4.134447398,5.485888021,4.626327061,3.251280969,3.794731255,5.542613816,6.563556927,5.263620159,3.992271222,4.968602928,3.276653102,5.355599122,3.930003312
"NCALD",6.249475748,4.463918792,5.491343715,5.760406874,4.73146668,5.483331162,6.104113252,7.06569612,5.279285194,7.826411771,6.26939274,5.651159988,7.186124627,6.558215744,5.778438852,4.386148342,6.600543483,6.801986373,7.129823089,5.749250675,6.567050317,7.109423766,7.015392506,7.127545283,6.505114559,5.429331356,6.638947147,4.659040401,7.01553291,5.043493038,4.26806004,7.046571643,6.607890872,6.831598546,5.814581915,7.431071884,6.361417742,7.384579368,7.181638582,5.135385399,4.79441155,4.586273631,7.701202137,5.508859942,5.442211225,3.180412272,6.054779915,6.310360931,7.858578776,5.729737585,5.154625598,6.985396271,5.543646497,5.356126619,6.591735129,8.010130021,6.639660176,7.193511676,6.157277137,6.617769014,5.20641506,7.162710153,4.903911419,5.145319346,7.092527141,7.187005156,5.082462828,4.249316648,4.212749382,4.776264937,5.168536365,4.836406857,5.065420475,5.170071855,8.277023802,6.795044506,6.574589746,6.603210117,7.615854879,5.078946495,5.88713118,5.13611214,6.775244639,7.663816988,6.559521667,4.86232366,6.087942914,4.578553705,6.034022392,7.238955281,7.109945569,7.938799665,6.313102993,7.894853758,6.746814847,7.543622928,5.722288388,6.147691094,6.474377794,7.334648987,5.547006956,5.525997954,5.171182101,5.078208847,4.3490253,7.244176531,6.409366868,5.396738961,5.119740825,5.268545978,6.836304228,5.9114545,5.034720114,6.827120759,7.664291231,5.602820706,6.190162787,7.311345685,5.413873182,6.600043171,6.001846255,6.891111377,7.197460514,7.104420236,5.158400237,6.611196422,7.497663695,6.638009046,7.141535074,6.482201535,7.80397579,6.907885927,5.618678443,6.086004126,6.108669651,6.657402891,4.575483556,5.534102994,6.109931259,5.374873919,5.954603585,6.879647835,7.20784811,4.14082518,6.508376527,5.85416116,5.033662043,6.462432519,4.600443216,6.02936611,6.473831304,4.262939642,6.133395085,6.98765265,6.732545162,5.141527252,5.033190989,4.495945441,6.064442653,6.717734096,7.174785815,6.094990531,5.573424467,4.893507781,6.74752148,6.407570073,5.384846432,7.482632609,5.926223323,5.937076883,5.831235782,8.076188531,4.997872637,5.1461335,4.609809,6.435975089,7.973328142,5.764756367,5.579803952,6.370103103,4.475427789,4.316106642,6.137366669,6.970295204,6.142159513,7.193172762,4.397010444,5.669951478,6.643259349,5.39330771,3.881640854,4.831741586,6.073932449,7.309583369,6.679654586,5.096141223,5.845565084,5.5629945,6.288216211,5.022311323
"NEUROD6",2.856599341,-1.019594962,1.744440822,2.782316269,0.855397854,2.246526829,3.680479576,4.503702937,1.537594285,5.75141562,1.167940074,2.508786442,5.215928202,3.614682592,2.713130193,0.064376309,3.414663265,3.202416858,2.065282644,1.967148847,4.246659602,3.732920824,2.57561444,4.889558171,3.10071386,2.153740735,3.677578027,0.63224897,4.463399904,1.052168654,-0.395608681,3.121528235,4.379616783,3.440250733,2.919636427,3.296922439,3.357591364,4.107072896,3.720070799,2.837365851,-0.546100785,-1.521410605,4.695900638,2.318358877,2.610381816,-0.949141456,3.888837715,3.837904612,5.854703068,2.007805493,1.646537308,3.458875196,1.511246896,2.025818485,3.862131246,4.437879314,3.961002849,3.859254915,1.382269359,3.586418201,1.070238659,4.234618017,-0.388577273,1.429567174,3.981890429,4.658627844,0.7375055,-0.319257811,-1.516679879,-0.124194122,2.242493412,0.491918972,-0.487517447,-1.482236206,4.973866411,4.976423412,2.669554982,3.086316787,3.952176872,2.064771915,2.224041289,1.782894983,5.501981215,5.214358145,3.240108897,1.318348654,2.351351045,1.085600151,2.533280298,4.480937849,2.830847435,5.608420351,2.215243611,5.647626141,4.305907746,4.017560733,1.462357215,2.271533622,3.170841794,3.940946821,0.843105316,1.117740214,1.297977623,0.208144349,0.054076548,4.025323002,3.000162177,3.264558276,3.002817223,0.771659821,2.786399886,3.939016275,0.070969856,4.090563034,5.018446338,2.838598492,-0.057010797,4.255832255,2.22079803,4.116851546,0.501493865,4.569195049,2.976755322,4.770863213,1.336109562,3.220652948,4.784101551,3.304251031,4.297952325,3.802601313,4.262882364,4.154932333,2.255852395,3.824609747,3.170937394,1.654286148,-1.65247399,1.016617087,3.773993074,1.381389806,2.438665903,4.536784161,3.97705061,-1.988424714,3.586004069,1.129426147,1.237231249,3.802317802,0.693847373,0.335872915,3.783343499,0.033354279,3.865766454,4.927143345,2.048668965,0.648534649,-0.619538749,-0.425490491,2.727256007,1.450251702,2.734701699,3.038675085,2.344494146,0.479321795,4.199980417,2.572819995,2.108660363,4.824131565,1.90308513,2.071381092,2.352889108,4.337010196,-0.121283092,1.633110776,-0.129645539,3.380839573,4.122141463,2.499237929,2.124920156,2.826778736,-0.975161691,0.109138636,3.329788911,4.323572267,2.999173772,5.120695202,-0.213267172,2.395642961,4.908762466,2.224925056,0.290057498,1.81897451,3.940810081,4.816546631,3.94564637,1.381182587,2.856976672,0.536010091,3.930690085,1.447528996
"NRN1",5.033485272,3.898421273,5.029752799,5.107152397,4.517038696,5.129375248,5.56625499,6.044500908,4.362826719,7.13141888,4.36539897,4.609189022,6.387282788,5.967859901,5.500069572,3.5461462,5.436857278,5.740059537,6.79094831,5.040735669,6.04835862,6.093373822,5.555385829,6.503720871,5.754289875,4.920535337,5.984932785,3.487437236,6.295575352,5.116039622,3.900265941,4.677466206,6.037668321,5.969916349,5.23330702,6.638162598,5.643969509,6.231915537,6.121206948,4.72027475,4.042808156,4.550284086,6.640698614,5.212333747,4.220603387,3.903348322,5.595990411,5.888585906,7.253964175,5.190703796,4.470400784,5.071868885,4.630363804,4.467841711,5.938391496,6.451516223,5.711224737,6.631007829,4.019047461,5.75561887,4.848639914,6.160906168,3.58785846,4.90634509,5.792169114,6.4410056,4.601645557,3.776490531,4.177101047,5.107754724,5.14661947,4.21273791,4.497972159,4.340726159,7.159357162,5.794559285,5.321344963,5.800185637,6.764494349,4.391882706,4.958714211,5.173276611,5.940291794,7.126831865,5.655545453,5.204803033,5.767630737,4.495498143,5.37205385,5.959358066,5.226617045,6.98308362,5.114930456,7.213509465,6.025307803,6.879649552,4.934344218,5.446412326,5.51872091,5.991562451,4.525207806,4.913562987,4.368411858,4.590462515,4.000210438,5.766557567,5.697176495,5.522303652,4.372657306,4.730430961,5.605941261,5.204004206,4.785085303,6.283102927,6.754169465,4.834911841,4.964959725,6.581045702,5.272559255,6.133180759,4.114362645,6.057061882,5.649324615,6.205376959,5.097653817,5.894818019,6.572061529,4.634076508,5.759998962,5.957418375,6.943686283,6.199700451,5.546159345,5.539540144,4.876669443,5.652685826,2.816655319,4.812950456,5.535850933,4.344118305,5.005819636,6.085590901,6.570382137,3.275389063,5.600022224,4.339513945,4.344934611,5.950225828,3.992221978,5.615474098,5.845633623,3.673472104,5.76208655,6.431721547,5.184196824,4.288916318,3.486901892,4.470691495,5.502038447,4.794986298,4.924546839,4.710021148,4.832527436,4.542037628,6.001492324,5.658799464,4.508079084,6.772211565,4.848863019,5.419384864,5.455302082,7.619766951,4.717233709,5.295044588,4.401651436,5.636160519,6.856368683,5.059969347,4.693010703,5.621113952,4.394753793,3.749524901,5.333692473,6.166491539,5.539211926,6.669420095,3.483105518,4.781116254,6.093237347,4.548330232,3.573142815,4.845564678,5.710719083,7.22120572,5.809530402,4.817803754,5.34918709,4.501842819,5.869473737,4.253763717
"OPN3",2.110397389,1.349389718,2.059623319,2.32125682,1.660375178,2.104820161,2.521410483,4.12532928,2.384097041,4.412213213,1.879560346,2.749093868,3.398711744,3.721570371,3.357738239,1.839140406,3.344495107,3.209446616,3.804116451,2.558830548,3.538156671,3.187069644,2.601703389,3.726914626,2.301204654,3.138052177,3.672757245,1.418940558,4.119298845,2.387431803,1.781257891,3.481695544,3.781156286,3.939531649,3.199121377,3.247337812,3.599402437,3.512067632,4.192374393,2.036864879,1.671226797,1.354942712,4.139981518,2.617237982,1.982708513,2.009566463,3.062135908,3.562217085,4.409945227,2.483143294,2.358475385,3.083086478,2.799076596,2.785940079,4.232818431,3.494989037,3.640728649,3.097756082,2.027750346,2.908185833,2.263902101,3.083423616,1.546400406,1.979478031,3.637436864,2.910357443,2.313399084,1.954797551,1.904454415,1.518089504,2.253472499,2.627519936,1.802322243,1.657618341,4.340919485,2.800496385,3.116162179,3.148622595,4.383873703,2.991307477,3.133960424,1.836834942,3.087500873,3.666951654,3.65092158,1.636488452,2.302428477,2.126134195,2.671138855,3.877781059,3.113869817,4.179511998,2.606297871,4.453024544,4.09478018,3.958068752,2.24143943,3.241779332,2.455289888,2.16118691,2.050392066,1.978573078,2.37296646,1.733516163,2.413143749,2.459299866,3.413724889,2.812798483,2.373341935,1.796928496,2.828024682,3.344311781,2.01568591,4.241091029,4.168042167,2.912522165,2.105695334,4.233091685,2.794884988,3.536931971,1.939562666,3.547347762,3.031497742,3.402972841,2.593627722,3.196890545,4.302701554,2.158073003,3.13669641,3.356890894,4.026587035,3.483669774,2.454247549,2.750301988,2.907164723,3.131239399,1.236726984,2.096107966,2.823530752,2.351069686,3.089715146,2.856030198,4.142881872,1.574240752,3.927057691,2.143081933,1.939921622,2.808947681,2.105076544,2.476430423,3.591608054,1.949384204,3.245571613,3.39243461,2.653547447,1.992595807,1.411407041,1.859065824,3.094037123,2.29913667,1.973026991,2.334634118,2.255819566,1.772372065,4.069390219,3.108649749,2.314197988,3.992956129,1.90308513,2.548193846,2.915034039,4.726454945,1.891707202,2.221650715,1.831118243,3.057143037,4.130777135,2.700773364,1.596623613,2.90108225,2.193576132,1.896535242,3.132714015,3.119651645,2.682731161,3.354507613,1.790970299,2.549453581,3.465997212,2.593728694,2.367038437,2.187901383,3.058088765,4.069819215,2.363284838,1.551607725,2.197804952,2.045093503,3.660680696,2.008249133
"RAB3B",2.668747836,0.879310114,2.727517318,2.237989862,0.657669786,1.841688411,3.552131601,4.382110198,2.933759803,5.205955614,3.662969637,3.008846867,4.683212411,3.19049856,2.594451307,3.832070924,3.762861616,3.330454701,4.269408518,2.733410053,3.212628289,3.364350402,2.53557452,5.008606547,2.908854167,2.433795953,2.607393934,1.15336839,4.131170238,1.212017889,2.527360824,3.274603803,4.118854861,3.085177003,2.572675365,3.396950404,4.166341115,3.874809885,4.616302619,2.782581149,1.043814573,2.141528233,4.710446984,2.318358877,3.838447047,1.520797847,3.651595526,3.756750001,5.368610759,2.448995084,2.251385624,2.663676622,3.827848882,3.35369592,3.866113145,4.050177701,3.222465666,4.979088991,2.525747746,3.284212454,1.610614316,5.327663947,0.507868613,2.669607,3.03471051,4.988361067,1.723288654,1.916988339,0.327233142,0.050316545,2.307148567,2.659237127,0.772227865,0.672493878,3.495074844,3.760295081,3.072131629,2.340901621,4.695553237,3.001950373,3.615639117,2.07988256,3.813003404,6.077386349,5.243291922,0.90960296,1.144408309,1.95946042,3.9280136,3.566210657,2.632520567,4.777980279,3.735342962,5.099183681,4.353260751,5.198536838,3.254451942,3.970877603,4.124077954,4.647437143,1.251553537,2.16692112,2.06918004,2.258406248,2.475843481,5.826805194,4.022515201,3.116809537,1.691443495,2.351293537,3.695728259,4.767745025,1.759241372,3.61221364,5.326631967,2.51072182,2.105695334,4.971726988,2.85380748,3.525851441,1.873033977,5.408921125,3.438355126,5.371862726,2.382645067,3.232388973,4.797731625,5.047744611,5.215836152,3.767848559,3.951678668,4.82791115,2.19876835,3.038533305,2.550208859,2.782073055,1.159836139,1.907558266,2.521896908,2.21662701,3.402522026,5.005003295,4.514426262,0.705372853,4.124842838,2.408379789,2.311504089,5.162819998,2.249455146,1.74510492,4.397284943,0.836294147,3.484434795,4.616476585,3.378049277,3.038911304,1.82200397,1.163207388,3.265596436,2.277586821,4.32951741,5.031033217,1.771294818,0.636220074,4.004316114,3.290625644,1.989316943,4.906316929,1.981269487,3.431274994,2.909345207,3.818711911,2.420273193,2.638473612,1.61752639,3.012926026,3.981223641,2.167981939,2.428268227,3.050036512,0.830233878,2.753028058,3.269108888,4.734896437,3.235968822,5.34389034,1.355258206,3.243663093,3.13768858,3.940340711,0.695416982,2.209441918,4.274504092,5.244998125,5.709433032,2.190465654,3.565356253,1.806162213,4.010522527,3.48878416
"RAB3C",5.173307565,2.157406594,3.777531698,4.561712964,3.18109878,3.963943067,5.038168888,6.538761738,4.206761699,7.502277713,3.804175675,4.389439197,6.395790973,6.507301698,5.604077541,2.994099676,5.834125743,5.508887483,5.778616361,4.704077779,5.790249855,5.869505138,5.590008167,6.609320141,5.665989197,4.908373824,5.3654148,2.067353501,6.642691568,3.429209034,3.155074054,5.88354367,6.446454042,5.840010515,5.209440369,6.004531048,6.370208225,6.564558927,6.46365574,4.305833669,3.143555318,5.277177209,6.839442691,4.713005452,4.474698716,1.713733716,5.551471675,5.788834986,7.774610129,3.803382718,4.130991618,5.389277215,5.002106925,4.995870504,6.142594866,6.498062363,5.763621882,6.428173331,4.399044363,5.645179553,3.850276255,6.618895801,2.53830233,3.432624332,5.682276742,6.99972623,3.583236321,2.596759541,0.98455104,2.900174486,3.981296359,3.754260039,3.016965029,4.326764607,7.031054151,5.837603009,5.090166188,5.229440081,6.847033168,5.051033398,4.653788843,4.025776261,6.560635488,7.312663212,6.635638152,2.563648227,4.10293627,3.302453476,6.03189087,5.951645693,5.195474012,6.690986578,5.319354709,7.405768301,6.650397471,7.117509491,4.224832309,6.167077287,5.20316279,5.514849696,3.569483008,3.731659803,3.951844858,3.398734267,3.984123896,5.837236371,5.827795243,5.275878736,3.716411973,4.23811476,5.683577891,5.656451841,3.326298375,6.389132576,6.486257092,4.771432584,4.418828303,6.931701499,4.692248541,6.101811301,4.486694152,7.069314323,5.890524683,6.557530819,4.572381884,5.508677657,7.377250951,5.634913946,5.951086771,5.2710391,6.690029019,6.44872298,4.214269376,5.45062176,4.92246572,4.626378166,2.479624761,4.024208671,5.356654788,3.280567353,4.742549973,5.853698462,7.081516938,1.413854056,5.747057547,4.059905255,3.652176903,5.845633386,3.376154058,4.547949331,6.076341585,2.936099048,5.70622643,6.337382557,4.354226157,3.519942198,3.30335215,3.020166717,5.22079103,4.817561313,5.397466277,5.656788533,3.787496968,2.709144835,6.502067491,5.560421716,3.911702359,7.118598814,4.145272062,5.083483274,4.930135544,6.691684986,2.839738941,3.953252552,1.927118603,5.557535784,6.260995934,4.680338002,4.323654474,5.448099561,2.920124162,3.376701982,4.815170657,6.80648862,5.29578848,6.77114887,3.245822098,4.618720363,5.832865343,4.828419098,2.409084927,3.441246826,5.623881833,7.60294924,5.445127257,3.613538521,4.883964322,4.086385153,5.83446688,3.86990966
"RGS4",5.904298674,4.328017746,4.575870318,5.105475462,4.086380355,4.60367419,6.202781289,7.656562901,4.607580924,8.733639871,4.719331088,5.441139288,7.599709884,7.332267778,6.781182364,4.324677076,6.969576467,7.144035393,7.501936251,5.626072212,7.055108901,7.385782034,6.814631893,7.60073719,6.332601099,5.641653138,6.916351937,3.714384859,7.798369675,4.515501419,4.418946299,7.28030986,7.646193523,7.265160962,6.489335226,7.39310207,7.245391702,7.851805593,7.741720429,5.427059735,4.074178977,3.867094519,7.982126663,5.664774687,5.526101665,3.294574757,6.50457545,7.335159351,8.677475479,4.582959757,5.085292735,7.113701961,5.671008533,5.557493948,7.752071886,7.887973636,7.358945707,7.322950514,5.299368605,6.812340873,4.423497337,7.12244303,3.400776259,4.746521719,7.650320895,7.549164827,4.388317058,4.102650457,2.844609101,3.030869413,4.932766608,5.030795351,4.230669532,4.485996783,8.715640171,6.111941015,6.211919542,6.389480736,7.898293769,6.170764103,5.962314017,4.845110125,6.866011044,8.25652884,7.547117475,3.971595853,5.690827294,4.715624668,6.338232571,7.632108732,6.322836162,8.281016088,5.906275166,8.600711248,7.860608788,8.186053253,5.043674135,6.774568568,5.835104905,6.510372479,4.645705952,3.958275876,4.736316748,4.341641508,4.402456513,6.639639815,6.779202356,6.174769771,4.120283651,4.418392881,6.317165604,6.417615922,5.301024071,7.709748778,7.895965159,5.687377639,5.293433642,7.920430807,5.597479431,7.134061336,4.777839856,7.167952321,6.572457878,7.711391723,5.322574391,6.386072702,8.350639486,6.577946139,7.015543824,6.815324938,8.016126832,7.069977818,4.544879981,6.827673886,6.082210099,6.430248926,3.033309024,4.763727871,6.773404003,4.226593811,6.301237949,7.13887932,7.938962309,4.601855962,7.378470338,4.828808792,4.598800776,6.774616717,4.402846347,5.05164016,7.130226564,3.450259536,6.806364944,7.314175374,5.927956535,4.299664806,3.894237974,4.463726636,6.069598766,5.824176099,6.584169676,6.311730343,4.870352728,4.376697821,7.771404658,6.352463294,5.419062076,8.08802307,4.466666865,6.087451604,5.91097504,8.54945344,3.935755868,4.449646963,4.34368598,6.339316108,7.813891354,5.609953312,5.417017921,5.929967709,3.901771014,4.110602491,6.523732695,7.551046182,5.972318,7.861595745,3.941809582,5.472504622,7.456855332,5.578489742,3.620439982,4.78229032,6.479318576,9.071646135,5.881214528,4.224254096,5.489879475,4.871361188,6.926794129,4.527774457
"RPH3A",5.255243733,2.935381794,4.912722327,5.88976753,4.89395081,5.492115005,6.000722736,6.261892074,4.827355643,7.440069527,6.811291869,4.773662508,7.372620891,6.284061708,4.649382458,4.256227371,6.174651579,6.314168836,5.895298879,4.993988704,6.408105594,6.876179151,6.432127652,6.63488844,6.257372783,5.473337612,6.041188453,3.738881305,6.351445841,3.722647288,3.281341624,5.712726328,6.492648255,5.991931252,5.550732949,6.786566906,5.75552747,6.329171804,6.181396766,5.190535183,3.475031179,3.786885995,6.830592046,6.011393429,5.306998641,2.603966448,6.231297983,5.904497768,7.498426263,5.525746205,5.172673834,5.884323769,4.616620159,4.960420869,6.821852167,7.443848504,6.855883811,6.832242227,5.307046388,6.305038461,4.229256476,7.070546299,3.473804109,4.042843072,6.939987942,6.000961278,4.613735923,3.640034664,2.853670003,4.544293471,5.495413929,3.320688361,3.856124558,4.434847548,8.473585208,5.881115135,6.167771743,6.872770586,7.328503802,5.095190267,5.005924076,6.119208202,5.70014654,6.617637452,6.295078943,4.734781057,6.370219349,4.79920521,4.952615046,6.974556941,5.940894567,7.524625608,5.811086112,7.050226246,6.402842312,7.372745479,5.34619957,5.219053853,5.41605875,6.568678678,4.079885511,5.194254333,4.377542909,3.242102512,2.981710716,6.736540993,5.660573198,5.806911898,2.965265139,4.917471189,5.900700618,5.773201204,5.215278039,6.604647858,7.301660283,4.980652515,4.354798212,7.362444936,5.130852631,6.250570764,5.027647833,5.605609827,6.298869511,6.615330226,4.649285463,6.243296623,6.809973373,6.126691288,6.662008144,6.955752676,7.924539478,5.996152131,5.757577785,5.761961182,5.445957735,7.35023619,4.008664628,4.844856597,5.870125431,3.786920886,6.182844793,7.134369231,6.421872956,2.471683596,6.052768677,5.319679039,5.059797748,5.40772672,4.535526709,4.282282854,6.011860794,3.019814373,6.144246499,6.961594403,6.300854171,4.892729834,4.254991131,3.411400645,5.993873337,6.16806649,6.629078679,4.898443842,4.532563008,4.688122936,6.426347304,5.802534232,5.29333152,6.744441576,4.706509933,6.00931516,5.883673609,7.451543671,4.468178602,5.230036559,3.931739078,6.604365808,8.057829012,5.217031591,5.242916763,5.207006293,2.618511305,4.174071423,6.543082526,5.966396416,5.667037735,6.787500761,4.020898092,5.3061811,6.725124487,4.477946302,3.21381498,5.733916053,6.08158544,7.190675377,6.789632484,4.873117523,5.91164597,5.512461272,6.106615254,4.793436591
"SCG2",4.163704609,4.454624886,4.320907385,4.439251143,3.688565307,4.676766921,5.014632737,6.062754124,4.424535851,7.057735013,3.109199139,5.604731398,6.464013387,5.320181608,5.954204934,4.733033183,5.243163048,5.464035973,7.859376161,4.925058439,5.86714744,5.937779696,4.896476586,6.780058644,5.12997499,4.678846964,5.37583393,3.838586237,5.679997488,4.220653496,4.653865692,4.345436522,5.777198746,5.944338105,4.68959517,6.066600349,6.09888988,5.981028498,6.187618588,4.632272962,4.398028242,6.023606812,6.537515117,5.017517389,4.675549147,4.696947788,5.24041735,5.950111997,7.367537032,4.073719044,4.17071936,4.648654671,5.743410453,5.475172801,5.84160964,5.753581179,5.594577009,6.363233326,3.254146997,5.337760953,4.046980114,6.120862334,3.144611398,5.132110952,5.684170702,6.54288689,4.388317058,3.904371842,3.72763595,3.67514663,7.002466853,4.293276182,3.707955223,3.795735796,6.644246256,5.6196116,4.898169355,5.276040804,6.903578974,4.926679594,4.845300955,4.983062567,5.750935775,6.857119553,5.946972876,3.508572265,4.679339529,4.220252212,5.558328896,5.911885319,4.987836902,6.965137294,5.242515482,7.090625537,5.729059463,6.71503465,4.689379501,5.707754303,5.298097199,5.515979084,3.92122095,4.040884309,4.377542909,4.05058033,5.509257493,5.655198618,5.397886455,4.926628121,3.771324745,4.424655907,5.219522829,5.749170227,3.748751718,6.114480994,6.721308727,5.551298638,4.158737191,6.429680833,4.951947935,5.552199502,4.861721005,6.015394917,5.307808999,6.252897615,4.393446826,5.247538212,6.346958509,5.500182518,5.88738626,5.633107813,7.296660209,6.231602269,4.193965013,4.786563221,5.382798599,5.4464591,6.378599596,4.198963987,5.234908906,4.425107042,5.573440707,6.20488034,6.167282892,4.583120462,5.472503711,5.058490322,4.588276689,5.267005657,4.171237244,4.41707735,5.638332924,3.570811987,5.373704537,6.215733431,4.417941451,4.5897093,2.69422849,4.10939047,4.906113173,4.415467278,4.865717871,5.478403762,3.584001915,4.622802078,6.114868735,5.270430153,4.045933233,6.624833077,4.230978757,5.086592887,5.427710628,7.486794204,4.019937707,4.318608023,3.79083752,5.043758145,6.338060051,4.078627185,4.333762216,5.396589778,3.467235402,6.215977054,5.35574595,6.231111756,5.760932529,6.660329877,5.120166537,4.950275175,5.660880606,4.910876319,3.925756962,3.787588374,5.361038743,7.979695812,5.9961346,4.252341139,5.217028893,3.075749231,5.683399032,5.13935714
"SERPINI1",5.866111493,4.729682354,6.002683298,5.601735973,5.569786237,5.596607642,6.676072605,7.584025846,6.963974328,8.041233886,4.726446701,6.319646751,7.27941214,7.530203414,6.522483828,5.381129023,6.646831687,6.561530667,7.083057787,6.017472536,6.935923886,6.532119506,5.568673448,7.548765567,5.763775593,5.861809838,6.709490475,5.114749008,7.562079396,5.629395598,6.335439416,6.31161446,7.556010907,6.737935317,6.735956148,6.372214092,7.38590428,6.884373702,7.522084965,6.138614696,4.989667247,6.694938078,7.876621276,6.359160016,6.369890417,6.104079297,6.831941285,6.711030515,8.023098191,5.525746205,5.972928669,5.680465075,6.679386815,6.480052112,7.351291958,7.11882161,7.062409102,7.324283972,5.070425022,6.742062194,5.197065319,7.348501754,5.32295382,6.573841294,6.016571053,7.802912643,5.452598097,5.675439102,5.489492684,4.872369183,5.937110372,6.171503627,5.339828713,4.583156684,7.551920761,6.89011654,6.791830056,6.168870396,7.75274236,6.689144744,6.271266966,5.35984892,7.194628985,7.940365552,7.351332173,4.963784384,5.925393158,6.085281963,6.827922259,6.937385363,5.272106245,7.698099085,6.269192613,8.188043482,7.781287833,7.978832973,5.937293689,6.845384401,6.422926718,6.400311578,5.595983563,5.023286838,5.846463045,5.540452668,5.964226942,7.055642273,6.527197444,6.351229972,5.002816057,5.671475735,5.778636329,6.608846044,5.468379692,7.779419541,7.631482057,6.272502938,4.649827072,7.645913821,6.079391047,7.206402363,4.707990975,7.58882229,6.435811299,7.576953388,6.415887011,6.478284645,8.217958552,5.729972567,6.930267514,6.687897025,7.561687145,7.430765243,5.530051024,5.972731403,6.908303232,6.169261495,6.067377305,6.294604998,6.011406002,6.001807148,6.825671557,7.325146898,7.822476631,5.872578421,7.19488615,5.455365793,6.046075324,6.568424048,6.396749094,5.19411068,7.277240651,5.396363989,7.013543834,7.31166855,5.546025964,5.411788962,4.862310909,5.079451694,6.204618812,5.146603689,5.390527283,6.875761942,5.200397697,4.823829274,7.559991825,6.944391224,5.213795366,7.658701885,5.697522522,6.27495614,6.335747464,7.633482963,6.542747956,5.80164852,5.069239717,6.743912088,7.494861533,5.76120069,5.699934339,6.685142458,5.524956558,5.044089197,6.733099224,7.643199838,6.389214672,7.289720376,4.42635907,6.659196454,7.088069923,6.676875538,5.628279619,5.568739032,6.914911515,7.951578273,6.359956078,5.793795959,6.672301177,4.968890725,6.753352058,6.126433285
"STAT4",2.684098951,1.179271589,1.11697265,1.878274128,1.588086777,1.756764113,2.507277973,4.017163982,0.952163497,4.861040541,2.157404061,2.201925584,3.838316607,3.521598784,1.95035007,0.829603002,2.844676351,2.826145646,3.77125477,2.301668052,3.496998252,4.158173975,2.839523518,4.152908199,2.013823445,2.54794826,3.300172009,-0.191602714,4.126433397,0.982916353,0.899889191,4.063849745,4.047291745,3.573026066,3.202460668,3.851535003,3.762602807,3.597842207,4.441788607,2.201042544,1.233596609,2.692425669,4.325708311,2.180927252,2.00438845,0.157252349,2.212908866,3.856720794,4.588965706,2.448995084,1.995256846,2.861621557,2.774531398,2.303880645,4.192160021,4.812378167,3.879774286,4.012698425,2.373192463,3.513286369,1.387666472,3.539285184,0.649095447,0.75336447,4.067092621,3.854500444,1.662509155,0.418230818,-1.18442179,0.752199105,1.33743636,1.627136642,1.123703901,1.467107753,4.805538339,3.303564629,3.140732017,3.711314369,4.93784176,1.948542168,2.472412266,0.999364164,3.335157193,4.108170692,3.593176969,1.432370011,2.506274929,0.907988652,2.984989236,4.506731293,2.887621367,4.576872412,2.439651946,5.047877968,4.136521469,4.507083461,1.977992278,3.334838264,2.507768222,3.150096153,1.56951357,1.475471371,2.04645949,1.717191091,1.594363211,2.449443555,2.630525088,2.574671178,1.352256024,1.293647206,3.241400391,2.555419468,0.070969856,4.324912293,4.579906032,2.678314765,1.975494277,4.964842319,2.140246602,3.958298224,2.476282746,3.337323205,2.934290751,3.3347643,1.802198514,2.521902066,4.872626884,2.50941037,3.660841861,3.785329577,5.095219367,3.020603128,1.653334255,3.079206789,3.274285373,3.98412437,0.374725394,1.489995715,2.798282236,1.828209846,2.996975113,3.324079463,4.498818094,0.887432565,3.872242381,2.899909582,1.726174649,2.091498328,0.83132219,1.452843838,3.604992337,0.528598126,3.499537318,3.968844996,1.258706153,2.279945488,1.264470083,1.230406367,2.481206787,3.023658829,3.16704118,1.958206362,1.93254948,0.760769924,4.2937365,2.805373667,2.092203924,3.923452239,0.764648648,2.493014988,3.086156141,4.957681374,0.393356389,0.862641085,1.393858828,2.639153311,5.298007756,1.96863696,2.409276259,2.39265123,0.193239599,1.76318756,3.736200017,3.422297452,2.276790039,4.313659513,1.159430446,2.073701801,3.424521197,1.986617413,1.054529657,1.575299275,2.541166959,4.60051944,3.332012617,0.771139883,1.754080251,2.201451811,3.79853721,1.651671836
"TRIM36",3.266612618,1.622674552,2.237010219,3.00732531,2.123743437,2.757073832,3.349207425,4.551490058,3.542584485,5.082081591,2.738837389,3.286675801,4.264967292,4.566902299,4.026157316,3.193630589,4.01518921,3.728094169,3.692705457,3.143503568,3.982315705,3.880999332,4.04076866,4.328117638,3.723271283,2.91915251,3.536106264,2.736340041,4.848482321,2.057687442,2.357548429,4.571115197,4.702911999,4.024984529,3.483429785,3.82642858,4.567193701,4.724346528,4.290236955,2.926697939,2.189557662,3.688772032,4.536318713,3.255473796,2.844748627,2.425018398,3.735086804,4.63751177,5.125283649,2.053975651,2.739273136,4.340529768,3.1374031,3.5271521,4.504659467,4.469083607,3.761078918,3.964254581,2.87473539,3.898297686,2.900382521,4.193467987,2.890963083,2.705718909,4.489391419,4.922814753,2.753034444,2.689381464,2.271966961,1.632299176,2.601619513,3.340387376,2.197603144,3.052009258,5.110977018,4.29860862,3.128499402,3.535931326,4.022623293,3.285070309,3.648466929,1.939017404,5.157767919,5.159590093,4.526120964,1.896991789,2.614448127,2.491941045,4.236421531,4.582168775,3.488923272,4.268731407,3.315835495,5.120625333,4.719867191,4.534496043,2.935248546,4.061275085,3.300450689,3.609665552,2.512910482,2.434736434,2.561041765,2.48743357,2.779081892,4.382077008,3.961022742,3.753355344,3.029054037,3.126142398,3.968118915,4.160969243,2.500830781,4.379838323,3.944410524,2.771316736,3.036324359,4.325566652,3.500219678,4.320804429,3.13138524,4.503001756,3.872436808,4.796447906,3.077787945,3.202867939,4.850999575,4.292831156,4.068726778,3.083045185,3.91679361,4.229345919,2.454247549,4.021815369,3.21490217,2.695987829,2.889903468,2.860217873,4.159537418,2.068356155,3.200151052,3.886168518,4.548181169,2.573909308,4.168318785,1.877326691,3.085146516,4.543798519,2.297706781,3.004334565,4.048748221,2.154680445,3.784865036,4.134342918,3.39221865,2.491605374,2.330459531,2.326510302,3.277528538,3.03654609,3.725650309,4.485150712,2.255819566,2.08984044,4.657340649,3.554317669,3.368720172,4.61193019,2.839143128,3.460333875,3.441872647,4.295601639,2.81974707,2.774111829,1.52237095,3.459824253,3.754148385,2.894985495,2.91253814,3.562354868,2.677843122,2.399736127,3.382300986,4.800406039,3.682395524,4.606503745,2.304461915,3.101641085,3.834626599,3.339376268,1.920577171,2.292525087,3.720223135,4.786410482,3.565236069,2.137903077,3.174572454,2.788482233,3.75284288,3.101517153
