"ID","Description","GeneRatio","BgRatio","RichFactor","FoldEnrichment","zScore","pvalue","p.adjust","qvalue","geneID","Count"
"GO:0097450","astrocyte end-foot","1/16","12/19979",0.0833333333333333,104.057291666667,10.1096479295502,0.00957049788759301,1,1,"GFAP",1
"GO:0005942","phosphatidylinositol 3-kinase complex","1/16","15/19979",0.0666666666666667,83.2458333333333,9.02108648891346,0.0119496689333283,1,1,"PIK3R5",1
"GO:0098574","cytoplasmic side of lysosomal membrane","1/16","15/19979",0.0666666666666667,83.2458333333333,9.02108648891346,0.0119496689333283,1,1,"GFAP",1
"GO:0097449","astrocyte projection","1/16","22/19979",0.0454545454545455,56.7585227272727,7.40795035263103,0.0174802478905807,1,1,"GFAP",1
"GO:0140150","gel phase of interstitial matrix","1/16","30/19979",0.0333333333333333,41.6229166666667,6.30368142131787,0.0237653677791588,1,1,"PRELP",1
"GO:0097386","glial cell projection","1/16","36/19979",0.0277777777777778,34.6857638888889,5.72697778326173,0.0284544503989342,1,1,"GFAP",1
"GO:0016459","myosin complex","1/16","57/19979",0.0175438596491228,21.906798245614,4.47488192603186,0.044700490367529,1,1,"CCDC102A",1
"GO:1904115","axon cytoplasm","1/16","59/19979",0.0169491525423729,21.1641949152542,4.39122123537081,0.0462343762852756,1,1,"HSPB1",1
"GO:0001533","cornified envelope","1/16","60/19979",0.0166666666666667,20.8114583333333,4.35092299639738,0.0470004530914727,1,1,"HSPB1",1
"GO:0000502","proteasome complex","1/16","66/19979",0.0151515151515152,18.9195075757576,4.12812447829906,0.0515848133369489,1,1,"HSPB1",1
"GO:0140168","nuclear ribonucleoprotein granule","2/16","486/19979",0.00411522633744856,5.1386316872428,2.61492154991823,0.0565914776651198,1,1,"KLF15/HSPB7",2
"GO:0015030","Cajal body","1/16","82/19979",0.0121951219512195,15.2278963414634,3.65491188357705,0.0637089044209144,1,1,"HSPB7",1
"GO:0034451","centriolar satellite","1/16","84/19979",0.0119047619047619,14.8653273809524,3.60512968558919,0.0652141575161257,1,1,"PIK3R5",1
"GO:1905369","endopeptidase complex","1/16","86/19979",0.0116279069767442,14.5196220930233,3.55702345403276,0.0667171416709496,1,1,"HSPB1",1
"GO:0120111","neuron projection cytoplasm","1/16","87/19979",0.0114942528735632,14.3527298850575,3.5335688440448,0.0674677838935032,1,1,"HSPB1",1
"GO:0005614","interstitial matrix","1/16","98/19979",0.0102040816326531,12.7417091836735,3.29874190272727,0.0756875773343434,1,1,"PRELP",1
"GO:0043202","lysosomal lumen","1/16","100/19979",0.01,12.486875,3.26007596985632,0.0771747680603642,1,1,"PRELP",1
"GO:0005796","Golgi lumen","1/16","110/19979",0.00909090909090909,11.3517045454545,3.08207567646445,0.0845771320461594,1,1,"PRELP",1
"GO:1905368","peptidase complex","1/16","113/19979",0.00884955752212389,11.0503318584071,3.03310538959912,0.0867869630029992,1,1,"HSPB1",1
"GO:0005923","bicellular tight junction","1/16","132/19979",0.00757575757575758,9.45975378787879,2.76070719197283,0.100666839700481,1,1,"CLDN9",1
"GO:0030018","Z disc","1/16","134/19979",0.00746268656716418,9.31856343283582,2.73525784655187,0.102116317474878,1,1,"HSPB1",1
"GO:0070160","tight junction","1/16","138/19979",0.0072463768115942,9.04846014492754,2.68592359767813,0.105008705002342,1,1,"CLDN9",1
"GO:0031674","I band","1/16","150/19979",0.00666666666666667,8.32458333333333,2.54918432841849,0.113633545356898,1,1,"HSPB1",1
"GO:0043296","apical junction complex","1/16","157/19979",0.00636942675159236,7.95342356687898,2.47626926797461,0.118628653831795,1,1,"CLDN9",1
"GO:0019898","extrinsic component of membrane","1/16","166/19979",0.00602409638554217,7.52221385542169,2.38889494400361,0.125012162837241,1,1,"PIK3R5",1
"GO:0005775","vacuolar lumen","1/16","180/19979",0.00555555555555556,6.93715277777778,2.26524897009285,0.134855974657974,1,1,"PRELP",1
"GO:0005882","intermediate filament","1/16","216/19979",0.00462962962962963,5.78096064814815,2.00004009293901,0.159694017277441,1,1,"GFAP",1
"GO:0030017","sarcomere","1/16","222/19979",0.0045045045045045,5.62471846846847,1.9616629050647,0.163768117473772,1,1,"HSPB1",1
"GO:0032993","protein-DNA complex","1/16","226/19979",0.00442477876106195,5.52516592920354,1.93684688125079,0.166473888439017,1,1,"NUPR1",1
"GO:0045111","intermediate filament cytoskeleton","1/16","233/19979",0.00429184549356223,5.35917381974249,1.89481002205919,0.171189247610087,1,1,"GFAP",1
"GO:0098562","cytoplasmic side of membrane","1/16","233/19979",0.00429184549356223,5.35917381974249,1.89481002205919,0.171189247610087,1,1,"GFAP",1
"GO:0030016","myofibril","1/16","243/19979",0.00411522633744856,5.1386316872428,1.8376103974116,0.177882108884987,1,1,"HSPB1",1
"GO:0043292","contractile muscle fiber","1/16","253/19979",0.00395256916996047,4.93552371541502,1.78347231579186,0.184524275881307,1,1,"HSPB1",1
"GO:0061695","transferase complex, transferring phosphorus-containing groups","1/16","278/19979",0.00359712230215827,4.49168165467626,1.65972446580217,0.200910253161354,1,1,"PIK3R5",1
"GO:0005925","focal adhesion","1/16","403/19979",0.00248138957816377,3.09848014888337,1.2048098306122,0.278311768383479,1,1,"HSPB1",1
"GO:0016607","nuclear speck","1/16","410/19979",0.0024390243902439,3.04557926829268,1.18480538005638,0.282431276419516,1,1,"KLF15",1
"GO:0030055","cell-substrate junction","1/16","414/19979",0.00241545893719807,3.01615338164251,1.17356434223414,0.28477537258922,1,1,"HSPB1",1
"GO:0005819","spindle","1/16","433/19979",0.0023094688221709,2.88380484988453,1.12195129442705,0.295812122212562,1,1,"HSPB1",1
"GO:0005765","lysosomal membrane","1/16","470/19979",0.00212765957446809,2.65678191489362,1.02901063236834,0.316848047552799,1,1,"GFAP",1
"GO:0098852","lytic vacuole membrane","1/16","470/19979",0.00212765957446809,2.65678191489362,1.02901063236834,0.316848047552799,1,1,"GFAP",1
"GO:0043025","neuronal cell body","1/16","483/19979",0.0020703933747412,2.58527432712215,0.998454609003538,0.324098125538872,1,1,"TMPRSS5",1
"GO:0000109","nucleotide-excision repair complex","0/16","12/19979",0,0,-0.0980973569754704,1,1,1,"",0
"GO:0000118","histone deacetylase complex","0/16","80/19979",0,0,-0.253718689675618,1,1,1,"",0
"GO:0000123","histone acetyltransferase complex","0/16","90/19979",0,0,-0.269176953273719,1,1,1,"",0
"GO:0000124","SAGA complex","0/16","22/19979",0,0,-0.13285772273532,1,1,1,"",0
"GO:0000137","Golgi cis cisterna","0/16","31/19979",0,0,-0.157744512217468,1,1,1,"",0
"GO:0000145","exocyst","0/16","17/19979",0,0,-0.116773830746936,1,1,1,"",0
"GO:0000151","ubiquitin ligase complex","0/16","362/19979",0,0,-0.543577011415395,1,1,1,"",0
"GO:0000152","nuclear ubiquitin ligase complex","0/16","45/19979",0,0,-0.19012188969523,1,1,1,"",0
"GO:0000153","cytoplasmic ubiquitin ligase complex","0/16","13/19979",0,0,-0.102105523215573,1,1,1,"",0
"GO:0000159","protein phosphatase type 2A complex","0/16","18/19979",0,0,-0.12016229034215,1,1,1,"",0
"GO:0000164","protein phosphatase type 1 complex","0/16","21/19979",0,0,-0.129799861948862,1,1,1,"",0
"GO:0000172","ribonuclease MRP complex","0/16","11/19979",0,0,-0.0939187169485379,1,1,1,"",0
"GO:0000176","nuclear exosome (RNase complex)","0/16","16/19979",0,0,-0.113284418646196,1,1,1,"",0
"GO:0000177","cytoplasmic exosome (RNase complex)","0/16","12/19979",0,0,-0.0980973569754704,1,1,1,"",0
"GO:0000178","exosome (RNase complex)","0/16","20/19979",0,0,-0.126668521407226,1,1,1,"",0
"GO:0000220","vacuolar proton-transporting V-type ATPase, V0 domain","0/16","11/19979",0,0,-0.0939187169485379,1,1,1,"",0
"GO:0000221","vacuolar proton-transporting V-type ATPase, V1 domain","0/16","12/19979",0,0,-0.0980973569754704,1,1,1,"",0
"GO:0000228","nuclear chromosome","0/16","232/19979",0,0,-0.433727063301464,1,1,1,"",0
"GO:0000235","astral microtubule","0/16","11/19979",0,0,-0.0939187169485379,1,1,1,"",0
"GO:0000242","pericentriolar material","0/16","23/19979",0,0,-0.135847065897673,1,1,1,"",0
"GO:0000307","cyclin-dependent protein kinase holoenzyme complex","0/16","67/19979",0,0,-0.232114917187318,1,1,1,"",0
"GO:0000313","organellar ribosome","0/16","80/19979",0,0,-0.253718689675618,1,1,1,"",0
"GO:0000314","organellar small ribosomal subunit","0/16","27/19979",0,0,-0.147201337584396,1,1,1,"",0
"GO:0000315","organellar large ribosomal subunit","0/16","52/19979",0,0,-0.204410783918817,1,1,1,"",0
"GO:0000346","transcription export complex","0/16","12/19979",0,0,-0.0980973569754704,1,1,1,"",0
"GO:0000407","phagophore assembly site","0/16","39/19979",0,0,-0.176967216051182,1,1,1,"",0
"GO:0000421","autophagosome membrane","0/16","64/19979",0,0,-0.226841716002974,1,1,1,"",0
"GO:0000428","DNA-directed RNA polymerase complex","0/16","110/19979",0,0,-0.297736055248775,1,1,1,"",0
"GO:0000439","transcription factor TFIIH core complex","0/16","12/19979",0,0,-0.0980973569754704,1,1,1,"",0
"GO:0000775","chromosome, centromeric region","0/16","257/19979",0,0,-0.456787464082359,1,1,1,"",0
"GO:0000776","kinetochore","0/16","179/19979",0,0,-0.38046701639419,1,1,1,"",0
"GO:0000779","condensed chromosome, centromeric region","0/16","190/19979",0,0,-0.392091988486542,1,1,1,"",0
"GO:0000781","chromosome, telomeric region","0/16","178/19979",0,0,-0.379393190391857,1,1,1,"",0
"GO:0000782","telomere cap complex","0/16","13/19979",0,0,-0.102105523215573,1,1,1,"",0
"GO:0000783","nuclear telomere cap complex","0/16","13/19979",0,0,-0.102105523215573,1,1,1,"",0
"GO:0000786","nucleosome","0/16","117/19979",0,0,-0.307117479180574,1,1,1,"",0
"GO:0000791","euchromatin","0/16","61/19979",0,0,-0.221444626256174,1,1,1,"",0
"GO:0000792","heterochromatin","0/16","90/19979",0,0,-0.269176953273719,1,1,1,"",0
"GO:0000793","condensed chromosome","0/16","291/19979",0,0,-0.486484252243063,1,1,1,"",0
"GO:0000794","condensed nuclear chromosome","0/16","83/19979",0,0,-0.258451616241869,1,1,1,"",0
"GO:0000795","synaptonemal complex","0/16","42/19979",0,0,-0.183661375728132,1,1,1,"",0
"GO:0000800","lateral element","0/16","15/19979",0,0,-0.109684419541984,1,1,1,"",0
"GO:0000803","sex chromosome","0/16","33/19979",0,0,-0.162761676628789,1,1,1,"",0
"GO:0000812","Swr1 complex","0/16","15/19979",0,0,-0.109684419541984,1,1,1,"",0
"GO:0000813","ESCRT I complex","0/16","12/19979",0,0,-0.0980973569754704,1,1,1,"",0
"GO:0000815","ESCRT III complex","0/16","12/19979",0,0,-0.0980973569754704,1,1,1,"",0
"GO:0000922","spindle pole","0/16","187/19979",0,0,-0.388954727529333,1,1,1,"",0
"GO:0000930","gamma-tubulin complex","0/16","18/19979",0,0,-0.12016229034215,1,1,1,"",0
"GO:0000931","gamma-tubulin ring complex","0/16","11/19979",0,0,-0.0939187169485379,1,1,1,"",0
"GO:0000932","P-body","0/16","99/19979",0,0,-0.28237906742532,1,1,1,"",0
"GO:0000940","outer kinetochore","0/16","20/19979",0,0,-0.126668521407226,1,1,1,"",0
"GO:0000974","Prp19 complex","0/16","13/19979",0,0,-0.102105523215573,1,1,1,"",0
"GO:0001401","SAM complex","0/16","13/19979",0,0,-0.102105523215573,1,1,1,"",0
"GO:0001518","voltage-gated sodium channel complex","0/16","14/19979",0,0,-0.105962562643585,1,1,1,"",0
"GO:0001527","microfibril","0/16","29/19979",0,0,-0.152563499248409,1,1,1,"",0
"GO:0001534","radial spoke","0/16","16/19979",0,0,-0.113284418646196,1,1,1,"",0
"GO:0001650","fibrillar center","0/16","108/19979",0,0,-0.295002100578912,1,1,1,"",0
"GO:0001669","acrosomal vesicle","0/16","162/19979",0,0,-0.361794237162766,1,1,1,"",0
"GO:0001673","male germ cell nucleus","0/16","31/19979",0,0,-0.157744512217468,1,1,1,"",0
"GO:0001725","stress fiber","0/16","85/19979",0,0,-0.261560102206591,1,1,1,"",0
"GO:0001726","ruffle","0/16","190/19979",0,0,-0.392091988486542,1,1,1,"",0
"GO:0001741","XY body","0/16","16/19979",0,0,-0.113284418646196,1,1,1,"",0
"GO:0001750","photoreceptor outer segment","0/16","96/19979",0,0,-0.278046704858166,1,1,1,"",0
"GO:0001772","immunological synapse","0/16","47/19979",0,0,-0.194310639932513,1,1,1,"",0
"GO:0001891","phagocytic cup","0/16","31/19979",0,0,-0.157744512217468,1,1,1,"",0
"GO:0001917","photoreceptor inner segment","0/16","71/19979",0,0,-0.238967285687311,1,1,1,"",0
"GO:0001931","uropod","0/16","15/19979",0,0,-0.109684419541984,1,1,1,"",0
"GO:0001939","female pronucleus","0/16","10/19979",0,0,-0.0895457408373583,1,1,1,"",0
"GO:0002080","acrosomal membrane","0/16","36/19979",0,0,-0.170011812769095,1,1,1,"",0
"GO:0002102","podosome","0/16","40/19979",0,0,-0.179226160571003,1,1,1,"",0
"GO:0002116","semaphorin receptor complex","0/16","14/19979",0,0,-0.105962562643585,1,1,1,"",0
"GO:0002177","manchette","0/16","26/19979",0,0,-0.144446048289755,1,1,1,"",0
"GO:0002178","palmitoyltransferase complex","0/16","11/19979",0,0,-0.0939187169485379,1,1,1,"",0
"GO:0005581","collagen trimer","0/16","42/19979",0,0,-0.183661375728132,1,1,1,"",0
"GO:0005583","fibrillar collagen trimer","0/16","11/19979",0,0,-0.0939187169485379,1,1,1,"",0
"GO:0005604","basement membrane","0/16","103/19979",0,0,-0.288056189004245,1,1,1,"",0
"GO:0005635","nuclear envelope","0/16","462/19979",0,0,-0.615655195829735,1,1,1,"",0
"GO:0005637","nuclear inner membrane","0/16","57/19979",0,0,-0.214039561364717,1,1,1,"",0
"GO:0005640","nuclear outer membrane","0/16","33/19979",0,0,-0.162761676628789,1,1,1,"",0
"GO:0005641","nuclear envelope lumen","0/16","11/19979",0,0,-0.0939187169485379,1,1,1,"",0
"GO:0005643","nuclear pore","0/16","95/19979",0,0,-0.276587798619982,1,1,1,"",0
"GO:0005652","nuclear lamina","0/16","15/19979",0,0,-0.109684419541984,1,1,1,"",0
"GO:0005657","replication fork","0/16","78/19979",0,0,-0.250514543582552,1,1,1,"",0
"GO:0005662","DNA replication factor A complex","0/16","13/19979",0,0,-0.102105523215573,1,1,1,"",0
"GO:0005665","RNA polymerase II, core complex","0/16","17/19979",0,0,-0.116773830746936,1,1,1,"",0
"GO:0005666","RNA polymerase III complex","0/16","18/19979",0,0,-0.12016229034215,1,1,1,"",0
"GO:0005667","transcription regulator complex","0/16","479/19979",0,0,-0.627153056749471,1,1,1,"",0
"GO:0005669","transcription factor TFIID complex","0/16","44/19979",0,0,-0.187992840773561,1,1,1,"",0
"GO:0005675","transcription factor TFIIH holo complex","0/16","13/19979",0,0,-0.102105523215573,1,1,1,"",0
"GO:0005677","chromatin silencing complex","0/16","15/19979",0,0,-0.109684419541984,1,1,1,"",0
"GO:0005680","anaphase-promoting complex","0/16","22/19979",0,0,-0.13285772273532,1,1,1,"",0
"GO:0005681","spliceosomal complex","0/16","211/19979",0,0,-0.413411881170106,1,1,1,"",0
"GO:0005682","U5 snRNP","0/16","24/19979",0,0,-0.13877231943662,1,1,1,"",0
"GO:0005684","U2-type spliceosomal complex","0/16","95/19979",0,0,-0.276587798619982,1,1,1,"",0
"GO:0005685","U1 snRNP","0/16","33/19979",0,0,-0.162761676628789,1,1,1,"",0
"GO:0005686","U2 snRNP","0/16","24/19979",0,0,-0.13877231943662,1,1,1,"",0
"GO:0005687","U4 snRNP","0/16","12/19979",0,0,-0.0980973569754704,1,1,1,"",0
"GO:0005688","U6 snRNP","0/16","11/19979",0,0,-0.0939187169485379,1,1,1,"",0
"GO:0005689","U12-type spliceosomal complex","0/16","27/19979",0,0,-0.147201337584396,1,1,1,"",0
"GO:0005697","telomerase holoenzyme complex","0/16","22/19979",0,0,-0.13285772273532,1,1,1,"",0
"GO:0005721","pericentric heterochromatin","0/16","33/19979",0,0,-0.162761676628789,1,1,1,"",0
"GO:0005732","sno(s)RNA-containing ribonucleoprotein complex","0/16","30/19979",0,0,-0.155175500396563,1,1,1,"",0
"GO:0005736","RNA polymerase I complex","0/16","13/19979",0,0,-0.102105523215573,1,1,1,"",0
"GO:0005741","mitochondrial outer membrane","0/16","235/19979",0,0,-0.436555488133497,1,1,1,"",0
"GO:0005742","mitochondrial outer membrane translocase complex","0/16","24/19979",0,0,-0.13877231943662,1,1,1,"",0
"GO:0005744","TIM23 mitochondrial import inner membrane translocase complex","0/16","15/19979",0,0,-0.109684419541984,1,1,1,"",0
"GO:0005758","mitochondrial intermembrane space","0/16","91/19979",0,0,-0.270675054472798,1,1,1,"",0
"GO:0005761","mitochondrial ribosome","0/16","80/19979",0,0,-0.253718689675618,1,1,1,"",0
"GO:0005762","mitochondrial large ribosomal subunit","0/16","52/19979",0,0,-0.204410783918817,1,1,1,"",0
"GO:0005763","mitochondrial small ribosomal subunit","0/16","27/19979",0,0,-0.147201337584396,1,1,1,"",0
"GO:0005766","primary lysosome","0/16","155/19979",0,0,-0.353828895623022,1,1,1,"",0
"GO:0005767","secondary lysosome","0/16","28/19979",0,0,-0.14990626158168,1,1,1,"",0
"GO:0005769","early endosome","0/16","451/19979",0,0,-0.60811046892726,1,1,1,"",0
"GO:0005770","late endosome","0/16","333/19979",0,0,-0.520964510783176,1,1,1,"",0
"GO:0005771","multivesicular body","0/16","69/19979",0,0,-0.235565674651011,1,1,1,"",0
"GO:0005776","autophagosome","0/16","128/19979",0,0,-0.321319352018985,1,1,1,"",0
"GO:0005777","peroxisome","0/16","149/19979",0,0,-0.34686051888738,1,1,1,"",0
"GO:0005778","peroxisomal membrane","0/16","65/19979",0,0,-0.228612787595816,1,1,1,"",0
"GO:0005782","peroxisomal matrix","0/16","51/19979",0,0,-0.202430674939065,1,1,1,"",0
"GO:0005786","signal recognition particle, endoplasmic reticulum targeting","0/16","16/19979",0,0,-0.113284418646196,1,1,1,"",0
"GO:0005788","endoplasmic reticulum lumen","0/16","338/19979",0,0,-0.524927886048179,1,1,1,"",0
"GO:0005790","smooth endoplasmic reticulum","0/16","29/19979",0,0,-0.152563499248409,1,1,1,"",0
"GO:0005791","rough endoplasmic reticulum","0/16","60/19979",0,0,-0.219616492798858,1,1,1,"",0
"GO:0005793","endoplasmic reticulum-Golgi intermediate compartment","0/16","138/19979",0,0,-0.333718941177948,1,1,1,"",0
"GO:0005795","Golgi stack","0/16","153/19979",0,0,-0.351520985250511,1,1,1,"",0
"GO:0005797","Golgi medial cisterna","0/16","10/19979",0,0,-0.0895457408373583,1,1,1,"",0
"GO:0005798","Golgi-associated vesicle","0/16","98/19979",0,0,-0.280942224945758,1,1,1,"",0
"GO:0005801","cis-Golgi network","0/16","79/19979",0,0,-0.252121626253383,1,1,1,"",0
"GO:0005802","trans-Golgi network","0/16","288/19979",0,0,-0.483933236147192,1,1,1,"",0
"GO:0005811","lipid droplet","0/16","102/19979",0,0,-0.286647236608194,1,1,1,"",0
"GO:0005814","centriole","0/16","174/19979",0,0,-0.375068242210052,1,1,1,"",0
"GO:0005818","aster","0/16","11/19979",0,0,-0.0939187169485379,1,1,1,"",0
"GO:0005828","kinetochore microtubule","0/16","21/19979",0,0,-0.129799861948862,1,1,1,"",0
"GO:0005832","chaperonin-containing T-complex","0/16","11/19979",0,0,-0.0939187169485379,1,1,1,"",0
"GO:0005833","hemoglobin complex","0/16","12/19979",0,0,-0.0980973569754704,1,1,1,"",0
"GO:0005834","heterotrimeric G-protein complex","0/16","35/19979",0,0,-0.167629705400855,1,1,1,"",0
"GO:0005838","proteasome regulatory particle","0/16","22/19979",0,0,-0.13285772273532,1,1,1,"",0
"GO:0005839","proteasome core complex","0/16","20/19979",0,0,-0.126668521407226,1,1,1,"",0
"GO:0005840","ribosome","0/16","241/19979",0,0,-0.442160600416587,1,1,1,"",0
"GO:0005847","mRNA cleavage and polyadenylation specificity factor complex","0/16","23/19979",0,0,-0.135847065897673,1,1,1,"",0
"GO:0005849","mRNA cleavage factor complex","0/16","28/19979",0,0,-0.14990626158168,1,1,1,"",0
"GO:0005852","eukaryotic translation initiation factor 3 complex","0/16","16/19979",0,0,-0.113284418646196,1,1,1,"",0
"GO:0005858","axonemal dynein complex","0/16","23/19979",0,0,-0.135847065897673,1,1,1,"",0
"GO:0005859","muscle myosin complex","0/16","15/19979",0,0,-0.109684419541984,1,1,1,"",0
"GO:0005865","striated muscle thin filament","0/16","22/19979",0,0,-0.13285772273532,1,1,1,"",0
"GO:0005868","cytoplasmic dynein complex","0/16","23/19979",0,0,-0.135847065897673,1,1,1,"",0
"GO:0005871","kinesin complex","0/16","48/19979",0,0,-0.196371820549247,1,1,1,"",0
"GO:0005874","microtubule","0/16","493/19979",0,0,-0.636480646934413,1,1,1,"",0
"GO:0005875","microtubule associated complex","0/16","153/19979",0,0,-0.351520985250511,1,1,1,"",0
"GO:0005876","spindle microtubule","0/16","84/19979",0,0,-0.260010426478769,1,1,1,"",0
"GO:0005879","axonemal microtubule","0/16","56/19979",0,0,-0.212148389082552,1,1,1,"",0
"GO:0005881","cytoplasmic microtubule","0/16","121/19979",0,0,-0.312354685011445,1,1,1,"",0
"GO:0005883","neurofilament","0/16","11/19979",0,0,-0.0939187169485379,1,1,1,"",0
"GO:0005884","actin filament","0/16","122/19979",0,0,-0.31365064846957,1,1,1,"",0
"GO:0005890","sodium:potassium-exchanging ATPase complex","0/16","12/19979",0,0,-0.0980973569754704,1,1,1,"",0
"GO:0005891","voltage-gated calcium channel complex","0/16","45/19979",0,0,-0.19012188969523,1,1,1,"",0
"GO:0005892","acetylcholine-gated channel complex","0/16","18/19979",0,0,-0.12016229034215,1,1,1,"",0
"GO:0005901","caveola","0/16","81/19979",0,0,-0.255305921899202,1,1,1,"",0
"GO:0005902","microvillus","0/16","97/19979",0,0,-0.279498141703539,1,1,1,"",0
"GO:0005903","brush border","0/16","109/19979",0,0,-0.296372161635498,1,1,1,"",0
"GO:0005905","clathrin-coated pit","0/16","78/19979",0,0,-0.250514543582552,1,1,1,"",0
"GO:0005912","adherens junction","0/16","199/19979",0,0,-0.401362216982158,1,1,1,"",0
"GO:0005921","gap junction","0/16","30/19979",0,0,-0.155175500396563,1,1,1,"",0
"GO:0005922","connexin complex","0/16","21/19979",0,0,-0.129799861948862,1,1,1,"",0
"GO:0005930","axoneme","0/16","235/19979",0,0,-0.436555488133497,1,1,1,"",0
"GO:0005938","cell cortex","0/16","323/19979",0,0,-0.51295206413488,1,1,1,"",0
"GO:0005940","septin ring","0/16","13/19979",0,0,-0.102105523215573,1,1,1,"",0
"GO:0005952","cAMP-dependent protein kinase complex","0/16","11/19979",0,0,-0.0939187169485379,1,1,1,"",0
"GO:0008021","synaptic vesicle","0/16","266/19979",0,0,-0.4648229361832,1,1,1,"",0
"GO:0008023","transcription elongation factor complex","0/16","51/19979",0,0,-0.202430674939065,1,1,1,"",0
"GO:0008076","voltage-gated potassium channel complex","0/16","89/19979",0,0,-0.267670619523621,1,1,1,"",0
"GO:0008180","COP9 signalosome","0/16","35/19979",0,0,-0.167629705400855,1,1,1,"",0
"GO:0008250","oligosaccharyltransferase complex","0/16","13/19979",0,0,-0.102105523215573,1,1,1,"",0
"GO:0008278","cohesin complex","0/16","11/19979",0,0,-0.0939187169485379,1,1,1,"",0
"GO:0008287","protein serine/threonine phosphatase complex","0/16","55/19979",0,0,-0.210240398254887,1,1,1,"",0
"GO:0008305","integrin complex","0/16","30/19979",0,0,-0.155175500396563,1,1,1,"",0
"GO:0008328","ionotropic glutamate receptor complex","0/16","43/19979",0,0,-0.185839619521383,1,1,1,"",0
"GO:0008540","proteasome regulatory particle, base subcomplex","0/16","12/19979",0,0,-0.0980973569754704,1,1,1,"",0
"GO:0009295","nucleoid","0/16","49/19979",0,0,-0.198411793576425,1,1,1,"",0
"GO:0009897","external side of plasma membrane","0/16","378/19979",0,0,-0.555686540788373,1,1,1,"",0
"GO:0009898","cytoplasmic side of plasma membrane","0/16","168/19979",0,0,-0.368489005283629,1,1,1,"",0
"GO:0009925","basal plasma membrane","0/16","305/19979",0,0,-0.49822633380476,1,1,1,"",0
"GO:0010369","chromocenter","0/16","14/19979",0,0,-0.105962562643585,1,1,1,"",0
"GO:0010494","cytoplasmic stress granule","0/16","99/19979",0,0,-0.28237906742532,1,1,1,"",0
"GO:0012507","ER to Golgi transport vesicle membrane","0/16","64/19979",0,0,-0.226841716002974,1,1,1,"",0
"GO:0012510","trans-Golgi network transport vesicle membrane","0/16","22/19979",0,0,-0.13285772273532,1,1,1,"",0
"GO:0014069","postsynaptic density","0/16","351/19979",0,0,-0.535104527967146,1,1,1,"",0
"GO:0014701","junctional sarcoplasmic reticulum membrane","0/16","11/19979",0,0,-0.0939187169485379,1,1,1,"",0
"GO:0014704","intercalated disc","0/16","51/19979",0,0,-0.202430674939065,1,1,1,"",0
"GO:0014731","spectrin-associated cytoskeleton","0/16","12/19979",0,0,-0.0980973569754704,1,1,1,"",0
"GO:0015934","large ribosomal subunit","0/16","112/19979",0,0,-0.300445675818111,1,1,1,"",0
"GO:0015935","small ribosomal subunit","0/16","69/19979",0,0,-0.235565674651011,1,1,1,"",0
"GO:0016010","dystrophin-associated glycoprotein complex","0/16","18/19979",0,0,-0.12016229034215,1,1,1,"",0
"GO:0016234","inclusion body","0/16","54/19979",0,0,-0.20831512672193,1,1,1,"",0
"GO:0016235","aggresome","0/16","12/19979",0,0,-0.0980973569754704,1,1,1,"",0
"GO:0016281","eukaryotic translation initiation factor 4F complex","0/16","13/19979",0,0,-0.102105523215573,1,1,1,"",0
"GO:0016282","eukaryotic 43S preinitiation complex","0/16","18/19979",0,0,-0.12016229034215,1,1,1,"",0
"GO:0016323","basolateral plasma membrane","0/16","273/19979",0,0,-0.470982940310559,1,1,1,"",0
"GO:0016324","apical plasma membrane","0/16","429/19979",0,0,-0.59275927416406,1,1,1,"",0
"GO:0016327","apicolateral plasma membrane","0/16","22/19979",0,0,-0.13285772273532,1,1,1,"",0
"GO:0016328","lateral plasma membrane","0/16","69/19979",0,0,-0.235565674651011,1,1,1,"",0
"GO:0016342","catenin complex","0/16","31/19979",0,0,-0.157744512217468,1,1,1,"",0
"GO:0016363","nuclear matrix","0/16","129/19979",0,0,-0.322580188933832,1,1,1,"",0
"GO:0016442","RISC complex","0/16","410/19979",0,0,-0.57920286855726,1,1,1,"",0
"GO:0016460","myosin II complex","0/16","27/19979",0,0,-0.147201337584396,1,1,1,"",0
"GO:0016469","proton-transporting two-sector ATPase complex","0/16","51/19979",0,0,-0.202430674939065,1,1,1,"",0
"GO:0016471","vacuolar proton-transporting V-type ATPase complex","0/16","27/19979",0,0,-0.147201337584396,1,1,1,"",0
"GO:0016514","SWI/SNF complex","0/16","26/19979",0,0,-0.144446048289755,1,1,1,"",0
"GO:0016528","sarcoplasm","0/16","90/19979",0,0,-0.269176953273719,1,1,1,"",0
"GO:0016529","sarcoplasmic reticulum","0/16","79/19979",0,0,-0.252121626253383,1,1,1,"",0
"GO:0016581","NuRD complex","0/16","16/19979",0,0,-0.113284418646196,1,1,1,"",0
"GO:0016591","RNA polymerase II, holoenzyme","0/16","83/19979",0,0,-0.258451616241869,1,1,1,"",0
"GO:0016592","mediator complex","0/16","38/19979",0,0,-0.174679292364497,1,1,1,"",0
"GO:0016605","PML body","0/16","109/19979",0,0,-0.296372161635498,1,1,1,"",0
"GO:0017053","transcription repressor complex","0/16","66/19979",0,0,-0.230370419546785,1,1,1,"",0
"GO:0017101","aminoacyl-tRNA synthetase multienzyme complex","0/16","11/19979",0,0,-0.0939187169485379,1,1,1,"",0
"GO:0017119","Golgi transport complex","0/16","10/19979",0,0,-0.0895457408373583,1,1,1,"",0
"GO:0019005","SCF ubiquitin ligase complex","0/16","66/19979",0,0,-0.230370419546785,1,1,1,"",0
"GO:0019774","proteasome core complex, beta-subunit complex","0/16","11/19979",0,0,-0.0939187169485379,1,1,1,"",0
"GO:0019814","immunoglobulin complex","0/16","183/19979",0,0,-0.384733421374878,1,1,1,"",0
"GO:0019867","outer membrane","0/16","267/19979",0,0,-0.465707656220726,1,1,1,"",0
"GO:0019897","extrinsic component of plasma membrane","0/16","105/19979",0,0,-0.290854039029444,1,1,1,"",0
"GO:0019908","nuclear cyclin-dependent protein kinase holoenzyme complex","0/16","25/19979",0,0,-0.141637454400159,1,1,1,"",0
"GO:0022624","proteasome accessory complex","0/16","25/19979",0,0,-0.141637454400159,1,1,1,"",0
"GO:0022625","cytosolic large ribosomal subunit","0/16","58/19979",0,0,-0.215914357065928,1,1,1,"",0
"GO:0022626","cytosolic ribosome","0/16","120/19979",0,0,-0.311053453470353,1,1,1,"",0
"GO:0022627","cytosolic small ribosomal subunit","0/16","40/19979",0,0,-0.179226160571003,1,1,1,"",0
"GO:0030008","TRAPP complex","0/16","17/19979",0,0,-0.116773830746936,1,1,1,"",0
"GO:0030014","CCR4-NOT complex","0/16","16/19979",0,0,-0.113284418646196,1,1,1,"",0
"GO:0030027","lamellipodium","0/16","209/19979",0,0,-0.411427105876178,1,1,1,"",0
"GO:0030057","desmosome","0/16","31/19979",0,0,-0.157744512217468,1,1,1,"",0
"GO:0030117","membrane coat","0/16","96/19979",0,0,-0.278046704858166,1,1,1,"",0
"GO:0030118","clathrin coat","0/16","51/19979",0,0,-0.202430674939065,1,1,1,"",0
"GO:0030119","AP-type membrane coat adaptor complex","0/16","42/19979",0,0,-0.183661375728132,1,1,1,"",0
"GO:0030120","vesicle coat","0/16","64/19979",0,0,-0.226841716002974,1,1,1,"",0
"GO:0030121","AP-1 adaptor complex","0/16","13/19979",0,0,-0.102105523215573,1,1,1,"",0
"GO:0030122","AP-2 adaptor complex","0/16","12/19979",0,0,-0.0980973569754704,1,1,1,"",0
"GO:0030123","AP-3 adaptor complex","0/16","11/19979",0,0,-0.0939187169485379,1,1,1,"",0
"GO:0030125","clathrin vesicle coat","0/16","36/19979",0,0,-0.170011812769095,1,1,1,"",0
"GO:0030126","COPI vesicle coat","0/16","13/19979",0,0,-0.102105523215573,1,1,1,"",0
"GO:0030127","COPII vesicle coat","0/16","16/19979",0,0,-0.113284418646196,1,1,1,"",0
"GO:0030128","clathrin coat of endocytic vesicle","0/16","12/19979",0,0,-0.0980973569754704,1,1,1,"",0
"GO:0030130","clathrin coat of trans-Golgi network vesicle","0/16","19/19979",0,0,-0.123458110057488,1,1,1,"",0
"GO:0030131","clathrin adaptor complex","0/16","28/19979",0,0,-0.14990626158168,1,1,1,"",0
"GO:0030132","clathrin coat of coated pit","0/16","18/19979",0,0,-0.12016229034215,1,1,1,"",0
"GO:0030133","transport vesicle","0/16","482/19979",0,0,-0.629162335089757,1,1,1,"",0
"GO:0030134","COPII-coated ER to Golgi transport vesicle","0/16","95/19979",0,0,-0.276587798619982,1,1,1,"",0
"GO:0030135","coated vesicle","0/16","326/19979",0,0,-0.515368019302202,1,1,1,"",0
"GO:0030136","clathrin-coated vesicle","0/16","226/19979",0,0,-0.428016764811028,1,1,1,"",0
"GO:0030137","COPI-coated vesicle","0/16","25/19979",0,0,-0.141637454400159,1,1,1,"",0
"GO:0030139","endocytic vesicle","0/16","362/19979",0,0,-0.543577011415395,1,1,1,"",0
"GO:0030140","trans-Golgi network transport vesicle","0/16","40/19979",0,0,-0.179226160571003,1,1,1,"",0
"GO:0030175","filopodium","0/16","103/19979",0,0,-0.288056189004245,1,1,1,"",0
"GO:0030286","dynein complex","0/16","54/19979",0,0,-0.20831512672193,1,1,1,"",0
"GO:0030315","T-tubule","0/16","54/19979",0,0,-0.20831512672193,1,1,1,"",0
"GO:0030426","growth cone","0/16","166/19979",0,0,-0.366270563486323,1,1,1,"",0
"GO:0030427","site of polarized growth","0/16","171/19979",0,0,-0.37179267906371,1,1,1,"",0
"GO:0030496","midbody","0/16","187/19979",0,0,-0.388954727529333,1,1,1,"",0
"GO:0030532","small nuclear ribonucleoprotein complex","0/16","100/19979",0,0,-0.283808779137608,1,1,1,"",0
"GO:0030658","transport vesicle membrane","0/16","258/19979",0,0,-0.457686896446168,1,1,1,"",0
"GO:0030660","Golgi-associated vesicle membrane","0/16","59/19979",0,0,-0.217773199169427,1,1,1,"",0
"GO:0030662","coated vesicle membrane","0/16","207/19979",0,0,-0.409433113715018,1,1,1,"",0
"GO:0030663","COPI-coated vesicle membrane","0/16","18/19979",0,0,-0.12016229034215,1,1,1,"",0
"GO:0030665","clathrin-coated vesicle membrane","0/16","140/19979",0,0,-0.336145437897269,1,1,1,"",0
"GO:0030666","endocytic vesicle membrane","0/16","208/19979",0,0,-0.410431270293009,1,1,1,"",0
"GO:0030667","secretory granule membrane","0/16","325/19979",0,0,-0.514563879393034,1,1,1,"",0
"GO:0030669","clathrin-coated endocytic vesicle membrane","0/16","76/19979",0,0,-0.247269537760378,1,1,1,"",0
"GO:0030670","phagocytic vesicle membrane","0/16","83/19979",0,0,-0.258451616241869,1,1,1,"",0
"GO:0030672","synaptic vesicle membrane","0/16","145/19979",0,0,-0.342138493689149,1,1,1,"",0
"GO:0030673","axolemma","0/16","14/19979",0,0,-0.105962562643585,1,1,1,"",0
"GO:0030677","ribonuclease P complex","0/16","14/19979",0,0,-0.105962562643585,1,1,1,"",0
"GO:0030681","multimeric ribonuclease P complex","0/16","10/19979",0,0,-0.0895457408373583,1,1,1,"",0
"GO:0030684","preribosome","0/16","105/19979",0,0,-0.290854039029444,1,1,1,"",0
"GO:0030686","90S preribosome","0/16","28/19979",0,0,-0.14990626158168,1,1,1,"",0
"GO:0030687","preribosome, large subunit precursor","0/16","16/19979",0,0,-0.113284418646196,1,1,1,"",0
"GO:0030688","preribosome, small subunit precursor","0/16","14/19979",0,0,-0.105962562643585,1,1,1,"",0
"GO:0030863","cortical cytoskeleton","0/16","108/19979",0,0,-0.295002100578912,1,1,1,"",0
"GO:0030864","cortical actin cytoskeleton","0/16","77/19979",0,0,-0.248897247561411,1,1,1,"",0
"GO:0030867","rough endoplasmic reticulum membrane","0/16","28/19979",0,0,-0.14990626158168,1,1,1,"",0
"GO:0030868","smooth endoplasmic reticulum membrane","0/16","10/19979",0,0,-0.0895457408373583,1,1,1,"",0
"GO:0030877","beta-catenin destruction complex","0/16","12/19979",0,0,-0.0980973569754704,1,1,1,"",0
"GO:0030880","RNA polymerase complex","0/16","113/19979",0,0,-0.301791565923461,1,1,1,"",0
"GO:0030894","replisome","0/16","24/19979",0,0,-0.13877231943662,1,1,1,"",0
"GO:0030897","HOPS complex","0/16","12/19979",0,0,-0.0980973569754704,1,1,1,"",0
"GO:0030904","retromer complex","0/16","22/19979",0,0,-0.13285772273532,1,1,1,"",0
"GO:0030964","NADH dehydrogenase complex","0/16","47/19979",0,0,-0.194310639932513,1,1,1,"",0
"GO:0030990","intraciliary transport particle","0/16","25/19979",0,0,-0.141637454400159,1,1,1,"",0
"GO:0030991","intraciliary transport particle A","0/16","23/19979",0,0,-0.135847065897673,1,1,1,"",0
"GO:0030992","intraciliary transport particle B","0/16","18/19979",0,0,-0.12016229034215,1,1,1,"",0
"GO:0031010","ISWI-type complex","0/16","14/19979",0,0,-0.105962562643585,1,1,1,"",0
"GO:0031011","Ino80 complex","0/16","15/19979",0,0,-0.109684419541984,1,1,1,"",0
"GO:0031045","dense core granule","0/16","49/19979",0,0,-0.198411793576425,1,1,1,"",0
"GO:0031074","nucleocytoplasmic transport complex","0/16","10/19979",0,0,-0.0895457408373583,1,1,1,"",0
"GO:0031080","nuclear pore outer ring","0/16","10/19979",0,0,-0.0895457408373583,1,1,1,"",0
"GO:0031082","BLOC complex","0/16","20/19979",0,0,-0.126668521407226,1,1,1,"",0
"GO:0031083","BLOC-1 complex","0/16","15/19979",0,0,-0.109684419541984,1,1,1,"",0
"GO:0031089","platelet dense granule lumen","0/16","14/19979",0,0,-0.105962562643585,1,1,1,"",0
"GO:0031091","platelet alpha granule","0/16","91/19979",0,0,-0.270675054472798,1,1,1,"",0
"GO:0031092","platelet alpha granule membrane","0/16","17/19979",0,0,-0.116773830746936,1,1,1,"",0
"GO:0031093","platelet alpha granule lumen","0/16","67/19979",0,0,-0.232114917187318,1,1,1,"",0
"GO:0031094","platelet dense tubular network","0/16","11/19979",0,0,-0.0939187169485379,1,1,1,"",0
"GO:0031105","septin complex","0/16","13/19979",0,0,-0.102105523215573,1,1,1,"",0
"GO:0031143","pseudopodium","0/16","17/19979",0,0,-0.116773830746936,1,1,1,"",0
"GO:0031201","SNARE complex","0/16","46/19979",0,0,-0.192227569493875,1,1,1,"",0
"GO:0031209","SCAR complex","0/16","11/19979",0,0,-0.0939187169485379,1,1,1,"",0
"GO:0031234","extrinsic component of cytoplasmic side of plasma membrane","0/16","49/19979",0,0,-0.198411793576425,1,1,1,"",0
"GO:0031248","protein acetyltransferase complex","0/16","100/19979",0,0,-0.283808779137608,1,1,1,"",0
"GO:0031252","cell leading edge","0/16","439/19979",0,0,-0.599781509342347,1,1,1,"",0
"GO:0031253","cell projection membrane","0/16","370/19979",0,0,-0.549662654796027,1,1,1,"",0
"GO:0031254","cell trailing edge","0/16","16/19979",0,0,-0.113284418646196,1,1,1,"",0
"GO:0031256","leading edge membrane","0/16","186/19979",0,0,-0.387903548161601,1,1,1,"",0
"GO:0031258","lamellipodium membrane","0/16","24/19979",0,0,-0.13877231943662,1,1,1,"",0
"GO:0031261","DNA replication preinitiation complex","0/16","13/19979",0,0,-0.102105523215573,1,1,1,"",0
"GO:0031312","extrinsic component of organelle membrane","0/16","28/19979",0,0,-0.14990626158168,1,1,1,"",0
"GO:0031332","RNAi effector complex","0/16","411/19979",0,0,-0.579923600939616,1,1,1,"",0
"GO:0031414","N-terminal protein acetyltransferase complex","0/16","10/19979",0,0,-0.0895457408373583,1,1,1,"",0
"GO:0031430","M band","0/16","29/19979",0,0,-0.152563499248409,1,1,1,"",0
"GO:0031461","cullin-RING ubiquitin ligase complex","0/16","241/19979",0,0,-0.442160600416587,1,1,1,"",0
"GO:0031462","Cul2-RING ubiquitin ligase complex","0/16","47/19979",0,0,-0.194310639932513,1,1,1,"",0
"GO:0031463","Cul3-RING ubiquitin ligase complex","0/16","64/19979",0,0,-0.226841716002974,1,1,1,"",0
"GO:0031464","Cul4A-RING E3 ubiquitin ligase complex","0/16","14/19979",0,0,-0.105962562643585,1,1,1,"",0
"GO:0031466","Cul5-RING ubiquitin ligase complex","0/16","19/19979",0,0,-0.123458110057488,1,1,1,"",0
"GO:0031514","motile cilium","0/16","339/19979",0,0,-0.525717216416669,1,1,1,"",0
"GO:0031519","PcG protein complex","0/16","49/19979",0,0,-0.198411793576425,1,1,1,"",0
"GO:0031526","brush border membrane","0/16","60/19979",0,0,-0.219616492798858,1,1,1,"",0
"GO:0031527","filopodium membrane","0/16","18/19979",0,0,-0.12016229034215,1,1,1,"",0
"GO:0031528","microvillus membrane","0/16","33/19979",0,0,-0.162761676628789,1,1,1,"",0
"GO:0031588","nucleotide-activated protein kinase complex","0/16","11/19979",0,0,-0.0939187169485379,1,1,1,"",0
"GO:0031594","neuromuscular junction","0/16","89/19979",0,0,-0.267670619523621,1,1,1,"",0
"GO:0031616","spindle pole centrosome","0/16","15/19979",0,0,-0.109684419541984,1,1,1,"",0
"GO:0031672","A band","0/16","41/19979",0,0,-0.181457208237799,1,1,1,"",0
"GO:0031838","haptoglobin-hemoglobin complex","0/16","11/19979",0,0,-0.0939187169485379,1,1,1,"",0
"GO:0031901","early endosome membrane","0/16","212/19979",0,0,-0.414400853939012,1,1,1,"",0
"GO:0031902","late endosome membrane","0/16","183/19979",0,0,-0.384733421374878,1,1,1,"",0
"GO:0031903","microbody membrane","0/16","65/19979",0,0,-0.228612787595816,1,1,1,"",0
"GO:0031904","endosome lumen","0/16","38/19979",0,0,-0.174679292364497,1,1,1,"",0
"GO:0031907","microbody lumen","0/16","51/19979",0,0,-0.202430674939065,1,1,1,"",0
"GO:0031941","filamentous actin","0/16","31/19979",0,0,-0.157744512217468,1,1,1,"",0
"GO:0031965","nuclear membrane","0/16","274/19979",0,0,-0.471856730504081,1,1,1,"",0
"GO:0031968","organelle outer membrane","0/16","265/19979",0,0,-0.463936619013402,1,1,1,"",0
"GO:0031970","organelle envelope lumen","0/16","102/19979",0,0,-0.286647236608194,1,1,1,"",0
"GO:0031983","vesicle lumen","0/16","334/19979",0,0,-0.521759432592992,1,1,1,"",0
"GO:0031985","Golgi cisterna","0/16","118/19979",0,0,-0.30843491908827,1,1,1,"",0
"GO:0032009","early phagosome","0/16","14/19979",0,0,-0.105962562643585,1,1,1,"",0
"GO:0032039","integrator complex","0/16","21/19979",0,0,-0.129799861948862,1,1,1,"",0
"GO:0032040","small-subunit processome","0/16","73/19979",0,0,-0.242321820196898,1,1,1,"",0
"GO:0032045","guanyl-nucleotide exchange factor complex","0/16","27/19979",0,0,-0.147201337584396,1,1,1,"",0
"GO:0032153","cell division site","0/16","66/19979",0,0,-0.230370419546785,1,1,1,"",0
"GO:0032154","cleavage furrow","0/16","53/19979",0,0,-0.206372090813035,1,1,1,"",0
"GO:0032156","septin cytoskeleton","0/16","15/19979",0,0,-0.109684419541984,1,1,1,"",0
"GO:0032279","asymmetric synapse","0/16","368/19979",0,0,-0.548147113934945,1,1,1,"",0
"GO:0032280","symmetric synapse","0/16","10/19979",0,0,-0.0895457408373583,1,1,1,"",0
"GO:0032281","AMPA glutamate receptor complex","0/16","29/19979",0,0,-0.152563499248409,1,1,1,"",0
"GO:0032300","mismatch repair complex","0/16","11/19979",0,0,-0.0939187169485379,1,1,1,"",0
"GO:0032391","photoreceptor connecting cilium","0/16","44/19979",0,0,-0.187992840773561,1,1,1,"",0
"GO:0032420","stereocilium","0/16","65/19979",0,0,-0.228612787595816,1,1,1,"",0
"GO:0032421","stereocilium bundle","0/16","75/19979",0,0,-0.245631207129498,1,1,1,"",0
"GO:0032426","stereocilium tip","0/16","21/19979",0,0,-0.129799861948862,1,1,1,"",0
"GO:0032432","actin filament bundle","0/16","95/19979",0,0,-0.276587798619982,1,1,1,"",0
"GO:0032433","filopodium tip","0/16","18/19979",0,0,-0.12016229034215,1,1,1,"",0
"GO:0032437","cuticular plate","0/16","11/19979",0,0,-0.0939187169485379,1,1,1,"",0
"GO:0032580","Golgi cisterna membrane","0/16","95/19979",0,0,-0.276587798619982,1,1,1,"",0
"GO:0032585","multivesicular body membrane","0/16","29/19979",0,0,-0.152563499248409,1,1,1,"",0
"GO:0032587","ruffle membrane","0/16","101/19979",0,0,-0.285231467332275,1,1,1,"",0
"GO:0032588","trans-Golgi network membrane","0/16","119/19979",0,0,-0.309746887433502,1,1,1,"",0
"GO:0032589","neuron projection membrane","0/16","64/19979",0,0,-0.226841716002974,1,1,1,"",0
"GO:0032590","dendrite membrane","0/16","44/19979",0,0,-0.187992840773561,1,1,1,"",0
"GO:0032591","dendritic spine membrane","0/16","17/19979",0,0,-0.116773830746936,1,1,1,"",0
"GO:0032797","SMN complex","0/16","11/19979",0,0,-0.0939187169485379,1,1,1,"",0
"GO:0032806","carboxy-terminal domain protein kinase complex","0/16","21/19979",0,0,-0.129799861948862,1,1,1,"",0
"GO:0032809","neuronal cell body membrane","0/16","28/19979",0,0,-0.14990626158168,1,1,1,"",0
"GO:0032839","dendrite cytoplasm","0/16","28/19979",0,0,-0.14990626158168,1,1,1,"",0
"GO:0032982","myosin filament","0/16","24/19979",0,0,-0.13877231943662,1,1,1,"",0
"GO:0032994","protein-lipid complex","0/16","40/19979",0,0,-0.179226160571003,1,1,1,"",0
"GO:0033017","sarcoplasmic reticulum membrane","0/16","44/19979",0,0,-0.187992840773561,1,1,1,"",0
"GO:0033018","sarcoplasmic reticulum lumen","0/16","10/19979",0,0,-0.0895457408373583,1,1,1,"",0
"GO:0033106","cis-Golgi network membrane","0/16","13/19979",0,0,-0.102105523215573,1,1,1,"",0
"GO:0033116","endoplasmic reticulum-Golgi intermediate compartment membrane","0/16","82/19979",0,0,-0.256883505183109,1,1,1,"",0
"GO:0033162","melanosome membrane","0/16","24/19979",0,0,-0.13877231943662,1,1,1,"",0
"GO:0033176","proton-transporting V-type ATPase complex","0/16","28/19979",0,0,-0.14990626158168,1,1,1,"",0
"GO:0033177","proton-transporting two-sector ATPase complex, proton-transporting domain","0/16","15/19979",0,0,-0.109684419541984,1,1,1,"",0
"GO:0033178","proton-transporting two-sector ATPase complex, catalytic domain","0/16","13/19979",0,0,-0.102105523215573,1,1,1,"",0
"GO:0033179","proton-transporting V-type ATPase, V0 domain","0/16","12/19979",0,0,-0.0980973569754704,1,1,1,"",0
"GO:0033180","proton-transporting V-type ATPase, V1 domain","0/16","12/19979",0,0,-0.0980973569754704,1,1,1,"",0
"GO:0033268","node of Ranvier","0/16","20/19979",0,0,-0.126668521407226,1,1,1,"",0
"GO:0033270","paranode region of axon","0/16","10/19979",0,0,-0.0895457408373583,1,1,1,"",0
"GO:0033276","transcription factor TFTC complex","0/16","14/19979",0,0,-0.105962562643585,1,1,1,"",0
"GO:0033290","eukaryotic 48S preinitiation complex","0/16","17/19979",0,0,-0.116773830746936,1,1,1,"",0
"GO:0033391","chromatoid body","0/16","14/19979",0,0,-0.105962562643585,1,1,1,"",0
"GO:0034045","phagophore assembly site membrane","0/16","22/19979",0,0,-0.13285772273532,1,1,1,"",0
"GO:0034358","plasma lipoprotein particle","0/16","37/19979",0,0,-0.172361235470886,1,1,1,"",0
"GO:0034361","very-low-density lipoprotein particle","0/16","21/19979",0,0,-0.129799861948862,1,1,1,"",0
"GO:0034362","low-density lipoprotein particle","0/16","15/19979",0,0,-0.109684419541984,1,1,1,"",0
"GO:0034364","high-density lipoprotein particle","0/16","27/19979",0,0,-0.147201337584396,1,1,1,"",0
"GO:0034385","triglyceride-rich plasma lipoprotein particle","0/16","21/19979",0,0,-0.129799861948862,1,1,1,"",0
"GO:0034399","nuclear periphery","0/16","31/19979",0,0,-0.157744512217468,1,1,1,"",0
"GO:0034515","proteasome storage granule","0/16","19/19979",0,0,-0.123458110057488,1,1,1,"",0
"GO:0034518","RNA cap binding complex","0/16","17/19979",0,0,-0.116773830746936,1,1,1,"",0
"GO:0034663","endoplasmic reticulum chaperone complex","0/16","11/19979",0,0,-0.0939187169485379,1,1,1,"",0
"GO:0034702","monoatomic ion channel complex","0/16","366/19979",0,0,-0.54662768158407,1,1,1,"",0
"GO:0034703","cation channel complex","0/16","234/19979",0,0,-0.435614625002117,1,1,1,"",0
"GO:0034704","calcium channel complex","0/16","72/19979",0,0,-0.240650313806286,1,1,1,"",0
"GO:0034705","potassium channel complex","0/16","100/19979",0,0,-0.283808779137608,1,1,1,"",0
"GO:0034706","sodium channel complex","0/16","24/19979",0,0,-0.13877231943662,1,1,1,"",0
"GO:0034707","chloride channel complex","0/16","54/19979",0,0,-0.20831512672193,1,1,1,"",0
"GO:0034708","methyltransferase complex","0/16","104/19979",0,0,-0.289458424086128,1,1,1,"",0
"GO:0034709","methylosome","0/16","12/19979",0,0,-0.0980973569754704,1,1,1,"",0
"GO:0034719","SMN-Sm protein complex","0/16","19/19979",0,0,-0.123458110057488,1,1,1,"",0
"GO:0034774","secretory granule lumen","0/16","328/19979",0,0,-0.516972791239428,1,1,1,"",0
"GO:0034992","microtubule organizing center attachment site","0/16","11/19979",0,0,-0.0939187169485379,1,1,1,"",0
"GO:0034993","meiotic nuclear membrane microtubule tethering complex","0/16","11/19979",0,0,-0.0939187169485379,1,1,1,"",0
"GO:0035097","histone methyltransferase complex","0/16","70/19979",0,0,-0.237272490635573,1,1,1,"",0
"GO:0035098","ESC/E(Z) complex","0/16","16/19979",0,0,-0.113284418646196,1,1,1,"",0
"GO:0035102","PRC1 complex","0/16","18/19979",0,0,-0.12016229034215,1,1,1,"",0
"GO:0035145","exon-exon junction complex","0/16","21/19979",0,0,-0.129799861948862,1,1,1,"",0
"GO:0035253","ciliary rootlet","0/16","10/19979",0,0,-0.0895457408373583,1,1,1,"",0
"GO:0035267","NuA4 histone acetyltransferase complex","0/16","29/19979",0,0,-0.152563499248409,1,1,1,"",0
"GO:0035371","microtubule plus-end","0/16","27/19979",0,0,-0.147201337584396,1,1,1,"",0
"GO:0035577","azurophil granule membrane","0/16","58/19979",0,0,-0.215914357065928,1,1,1,"",0
"GO:0035578","azurophil granule lumen","0/16","91/19979",0,0,-0.270675054472798,1,1,1,"",0
"GO:0035579","specific granule membrane","0/16","91/19979",0,0,-0.270675054472798,1,1,1,"",0
"GO:0035580","specific granule lumen","0/16","62/19979",0,0,-0.223257971983258,1,1,1,"",0
"GO:0035631","CD40 receptor complex","0/16","11/19979",0,0,-0.0939187169485379,1,1,1,"",0
"GO:0035859","Seh1-associated complex","0/16","15/19979",0,0,-0.109684419541984,1,1,1,"",0
"GO:0035861","site of double-strand break","0/16","104/19979",0,0,-0.289458424086128,1,1,1,"",0
"GO:0035869","ciliary transition zone","0/16","84/19979",0,0,-0.260010426478769,1,1,1,"",0
"GO:0036019","endolysosome","0/16","34/19979",0,0,-0.165213499557838,1,1,1,"",0
"GO:0036020","endolysosome membrane","0/16","19/19979",0,0,-0.123458110057488,1,1,1,"",0
"GO:0036038","MKS complex","0/16","13/19979",0,0,-0.102105523215573,1,1,1,"",0
"GO:0036064","ciliary basal body","0/16","232/19979",0,0,-0.433727063301464,1,1,1,"",0
"GO:0036126","sperm flagellum","0/16","268/19979",0,0,-0.466590788224746,1,1,1,"",0
"GO:0036128","CatSper complex","0/16","14/19979",0,0,-0.105962562643585,1,1,1,"",0
"GO:0036157","outer dynein arm","0/16","11/19979",0,0,-0.0939187169485379,1,1,1,"",0
"GO:0036379","myofilament","0/16","26/19979",0,0,-0.144446048289755,1,1,1,"",0
"GO:0036396","RNA N6-methyladenosine methyltransferase complex","0/16","10/19979",0,0,-0.0895457408373583,1,1,1,"",0
"GO:0036452","ESCRT complex","0/16","30/19979",0,0,-0.155175500396563,1,1,1,"",0
"GO:0036464","cytoplasmic ribonucleoprotein granule","0/16","248/19979",0,0,-0.448615613379031,1,1,1,"",0
"GO:0038201","TOR complex","0/16","12/19979",0,0,-0.0980973569754704,1,1,1,"",0
"GO:0042101","T cell receptor complex","0/16","150/19979",0,0,-0.348031309414891,1,1,1,"",0
"GO:0042105","alpha-beta T cell receptor complex","0/16","12/19979",0,0,-0.0980973569754704,1,1,1,"",0
"GO:0042382","paraspeckles","0/16","10/19979",0,0,-0.0895457408373583,1,1,1,"",0
"GO:0042383","sarcolemma","0/16","142/19979",0,0,-0.338555027865956,1,1,1,"",0
"GO:0042405","nuclear inclusion body","0/16","12/19979",0,0,-0.0980973569754704,1,1,1,"",0
"GO:0042470","melanosome","0/16","112/19979",0,0,-0.300445675818111,1,1,1,"",0
"GO:0042555","MCM complex","0/16","11/19979",0,0,-0.0939187169485379,1,1,1,"",0
"GO:0042571","immunoglobulin complex, circulating","0/16","12/19979",0,0,-0.0980973569754704,1,1,1,"",0
"GO:0042575","DNA polymerase complex","0/16","19/19979",0,0,-0.123458110057488,1,1,1,"",0
"GO:0042579","microbody","0/16","149/19979",0,0,-0.34686051888738,1,1,1,"",0
"GO:0042581","specific granule","0/16","160/19979",0,0,-0.359535861286332,1,1,1,"",0
"GO:0042582","azurophil granule","0/16","155/19979",0,0,-0.353828895623022,1,1,1,"",0
"GO:0042583","chromaffin granule","0/16","14/19979",0,0,-0.105962562643585,1,1,1,"",0
"GO:0042588","zymogen granule","0/16","20/19979",0,0,-0.126668521407226,1,1,1,"",0
"GO:0042589","zymogen granule membrane","0/16","18/19979",0,0,-0.12016229034215,1,1,1,"",0
"GO:0042599","lamellar body","0/16","20/19979",0,0,-0.126668521407226,1,1,1,"",0
"GO:0042611","MHC protein complex","0/16","25/19979",0,0,-0.141637454400159,1,1,1,"",0
"GO:0042613","MHC class II protein complex","0/16","17/19979",0,0,-0.116773830746936,1,1,1,"",0
"GO:0042622","photoreceptor outer segment membrane","0/16","17/19979",0,0,-0.116773830746936,1,1,1,"",0
"GO:0042627","chylomicron","0/16","13/19979",0,0,-0.102105523215573,1,1,1,"",0
"GO:0042641","actomyosin","0/16","92/19979",0,0,-0.272165059088816,1,1,1,"",0
"GO:0042645","mitochondrial nucleoid","0/16","49/19979",0,0,-0.198411793576425,1,1,1,"",0
"GO:0042734","presynaptic membrane","0/16","184/19979",0,0,-0.385792917789537,1,1,1,"",0
"GO:0042827","platelet dense granule","0/16","21/19979",0,0,-0.129799861948862,1,1,1,"",0
"GO:0043020","NADPH oxidase complex","0/16","17/19979",0,0,-0.116773830746936,1,1,1,"",0
"GO:0043034","costamere","0/16","16/19979",0,0,-0.113284418646196,1,1,1,"",0
"GO:0043073","germ cell nucleus","0/16","36/19979",0,0,-0.170011812769095,1,1,1,"",0
"GO:0043083","synaptic cleft","0/16","28/19979",0,0,-0.14990626158168,1,1,1,"",0
"GO:0043186","P granule","0/16","28/19979",0,0,-0.14990626158168,1,1,1,"",0
"GO:0043189","H4/H2A histone acetyltransferase complex","0/16","29/19979",0,0,-0.152563499248409,1,1,1,"",0
"GO:0043194","axon initial segment","0/16","24/19979",0,0,-0.13877231943662,1,1,1,"",0
"GO:0043195","terminal bouton","0/16","47/19979",0,0,-0.194310639932513,1,1,1,"",0
"GO:0043197","dendritic spine","0/16","172/19979",0,0,-0.372887620113844,1,1,1,"",0
"GO:0043198","dendritic shaft","0/16","42/19979",0,0,-0.183661375728132,1,1,1,"",0
"GO:0043204","perikaryon","0/16","155/19979",0,0,-0.353828895623022,1,1,1,"",0
"GO:0043209","myelin sheath","0/16","45/19979",0,0,-0.19012188969523,1,1,1,"",0
"GO:0043218","compact myelin","0/16","15/19979",0,0,-0.109684419541984,1,1,1,"",0
"GO:0043220","Schmidt-Lanterman incisure","0/16","12/19979",0,0,-0.0980973569754704,1,1,1,"",0
"GO:0043240","Fanconi anaemia nuclear complex","0/16","13/19979",0,0,-0.102105523215573,1,1,1,"",0
"GO:0043256","laminin trimer","0/16","13/19979",0,0,-0.102105523215573,1,1,1,"",0
"GO:0043596","nuclear replication fork","0/16","45/19979",0,0,-0.19012188969523,1,1,1,"",0
"GO:0043601","nuclear replisome","0/16","22/19979",0,0,-0.13285772273532,1,1,1,"",0
"GO:0043679","axon terminus","0/16","115/19979",0,0,-0.30446590019307,1,1,1,"",0
"GO:0044194","cytolytic granule","0/16","15/19979",0,0,-0.109684419541984,1,1,1,"",0
"GO:0044217","other organism part","0/16","36/19979",0,0,-0.170011812769095,1,1,1,"",0
"GO:0044224","juxtaparanode region of axon","0/16","12/19979",0,0,-0.0980973569754704,1,1,1,"",0
"GO:0044232","organelle membrane contact site","0/16","71/19979",0,0,-0.238967285687311,1,1,1,"",0
"GO:0044233","mitochondria-associated endoplasmic reticulum membrane contact site","0/16","28/19979",0,0,-0.14990626158168,1,1,1,"",0
"GO:0044291","cell-cell contact zone","0/16","75/19979",0,0,-0.245631207129498,1,1,1,"",0
"GO:0044292","dendrite terminus","0/16","16/19979",0,0,-0.113284418646196,1,1,1,"",0
"GO:0044295","axonal growth cone","0/16","25/19979",0,0,-0.141637454400159,1,1,1,"",0
"GO:0044298","cell body membrane","0/16","31/19979",0,0,-0.157744512217468,1,1,1,"",0
"GO:0044304","main axon","0/16","71/19979",0,0,-0.238967285687311,1,1,1,"",0
"GO:0044305","calyx of Held","0/16","19/19979",0,0,-0.123458110057488,1,1,1,"",0
"GO:0044306","neuron projection terminus","0/16","134/19979",0,0,-0.32881372711002,1,1,1,"",0
"GO:0044309","neuron spine","0/16","173/19979",0,0,-0.373979465478696,1,1,1,"",0
"GO:0044322","endoplasmic reticulum quality control compartment","0/16","25/19979",0,0,-0.141637454400159,1,1,1,"",0
"GO:0044391","ribosomal subunit","0/16","178/19979",0,0,-0.379393190391857,1,1,1,"",0
"GO:0044615","nuclear pore nuclear basket","0/16","13/19979",0,0,-0.102105523215573,1,1,1,"",0
"GO:0044665","MLL1/2 complex","0/16","30/19979",0,0,-0.155175500396563,1,1,1,"",0
"GO:0044666","MLL3/4 complex","0/16","11/19979",0,0,-0.0939187169485379,1,1,1,"",0
"GO:0044753","amphisome","0/16","14/19979",0,0,-0.105962562643585,1,1,1,"",0
"GO:0044754","autolysosome","0/16","20/19979",0,0,-0.126668521407226,1,1,1,"",0
"GO:0044853","plasma membrane raft","0/16","121/19979",0,0,-0.312354685011445,1,1,1,"",0
"GO:0045009","chitosome","0/16","24/19979",0,0,-0.13877231943662,1,1,1,"",0
"GO:0045095","keratin filament","0/16","112/19979",0,0,-0.300445675818111,1,1,1,"",0
"GO:0045120","pronucleus","0/16","17/19979",0,0,-0.116773830746936,1,1,1,"",0
"GO:0045121","membrane raft","0/16","298/19979",0,0,-0.492388208068412,1,1,1,"",0
"GO:0045171","intercellular bridge","0/16","42/19979",0,0,-0.183661375728132,1,1,1,"",0
"GO:0045178","basal part of cell","0/16","324/19979",0,0,-0.513758562855371,1,1,1,"",0
"GO:0045211","postsynaptic membrane","0/16","319/19979",0,0,-0.509714134817984,1,1,1,"",0
"GO:0045239","tricarboxylic acid cycle heteromeric enzyme complex","0/16","14/19979",0,0,-0.105962562643585,1,1,1,"",0
"GO:0045240","alpha-ketoacid dehydrogenase complex","0/16","19/19979",0,0,-0.123458110057488,1,1,1,"",0
"GO:0045259","proton-transporting ATP synthase complex","0/16","22/19979",0,0,-0.13285772273532,1,1,1,"",0
"GO:0045271","respiratory chain complex I","0/16","47/19979",0,0,-0.194310639932513,1,1,1,"",0
"GO:0045275","respiratory chain complex III","0/16","13/19979",0,0,-0.102105523215573,1,1,1,"",0
"GO:0045277","respiratory chain complex IV","0/16","23/19979",0,0,-0.135847065897673,1,1,1,"",0
"GO:0045334","clathrin-coated endocytic vesicle","0/16","94/19979",0,0,-0.275121304141178,1,1,1,"",0
"GO:0045335","phagocytic vesicle","0/16","149/19979",0,0,-0.34686051888738,1,1,1,"",0
"GO:0045495","pole plasm","0/16","28/19979",0,0,-0.14990626158168,1,1,1,"",0
"GO:0046540","U4/U6 x U5 tri-snRNP complex","0/16","40/19979",0,0,-0.179226160571003,1,1,1,"",0
"GO:0046930","pore complex","0/16","27/19979",0,0,-0.147201337584396,1,1,1,"",0
"GO:0048188","Set1C/COMPASS complex","0/16","13/19979",0,0,-0.102105523215573,1,1,1,"",0
"GO:0048475","coated membrane","0/16","96/19979",0,0,-0.278046704858166,1,1,1,"",0
"GO:0048500","signal recognition particle","0/16","16/19979",0,0,-0.113284418646196,1,1,1,"",0
"GO:0048770","pigment granule","0/16","112/19979",0,0,-0.300445675818111,1,1,1,"",0
"GO:0048786","presynaptic active zone","0/16","88/19979",0,0,-0.266155913420873,1,1,1,"",0
"GO:0048787","presynaptic active zone membrane","0/16","38/19979",0,0,-0.174679292364497,1,1,1,"",0
"GO:0051233","spindle midzone","0/16","38/19979",0,0,-0.174679292364497,1,1,1,"",0
"GO:0055029","nuclear DNA-directed RNA polymerase complex","0/16","88/19979",0,0,-0.266155913420873,1,1,1,"",0
"GO:0055037","recycling endosome","0/16","213/19979",0,0,-0.415387571835972,1,1,1,"",0
"GO:0055038","recycling endosome membrane","0/16","109/19979",0,0,-0.296372161635498,1,1,1,"",0
"GO:0060076","excitatory synapse","0/16","70/19979",0,0,-0.237272490635573,1,1,1,"",0
"GO:0060077","inhibitory synapse","0/16","19/19979",0,0,-0.123458110057488,1,1,1,"",0
"GO:0060091","kinocilium","0/16","12/19979",0,0,-0.0980973569754704,1,1,1,"",0
"GO:0060170","ciliary membrane","0/16","87/19979",0,0,-0.264632691177186,1,1,1,"",0
"GO:0060187","cell pole","0/16","12/19979",0,0,-0.0980973569754704,1,1,1,"",0
"GO:0060198","clathrin-sculpted vesicle","0/16","15/19979",0,0,-0.109684419541984,1,1,1,"",0
"GO:0060205","cytoplasmic vesicle lumen","0/16","333/19979",0,0,-0.520964510783176,1,1,1,"",0
"GO:0060293","germ plasm","0/16","28/19979",0,0,-0.14990626158168,1,1,1,"",0
"GO:0061700","GATOR2 complex","0/16","11/19979",0,0,-0.0939187169485379,1,1,1,"",0
"GO:0061702","canonical inflammasome complex","0/16","16/19979",0,0,-0.113284418646196,1,1,1,"",0
"GO:0061827","sperm head","0/16","23/19979",0,0,-0.135847065897673,1,1,1,"",0
"GO:0070069","cytochrome complex","0/16","38/19979",0,0,-0.174679292364497,1,1,1,"",0
"GO:0070382","exocytic vesicle","0/16","284/19979",0,0,-0.480512035248398,1,1,1,"",0
"GO:0070461","SAGA-type complex","0/16","36/19979",0,0,-0.170011812769095,1,1,1,"",0
"GO:0070603","SWI/SNF superfamily-type complex","0/16","87/19979",0,0,-0.264632691177186,1,1,1,"",0
"GO:0070820","tertiary granule","0/16","164/19979",0,0,-0.364039054754048,1,1,1,"",0
"GO:0070821","tertiary granule membrane","0/16","73/19979",0,0,-0.242321820196898,1,1,1,"",0
"GO:0070822","Sin3-type complex","0/16","14/19979",0,0,-0.105962562643585,1,1,1,"",0
"GO:0070938","contractile ring","0/16","11/19979",0,0,-0.0939187169485379,1,1,1,"",0
"GO:0070971","endoplasmic reticulum exit site","0/16","33/19979",0,0,-0.162761676628789,1,1,1,"",0
"GO:0070993","cytosolic translation preinitiation complex","0/16","19/19979",0,0,-0.123458110057488,1,1,1,"",0
"GO:0071004","U2-type prespliceosome","0/16","18/19979",0,0,-0.12016229034215,1,1,1,"",0
"GO:0071005","U2-type precatalytic spliceosome","0/16","50/19979",0,0,-0.200431206592963,1,1,1,"",0
"GO:0071006","U2-type catalytic step 1 spliceosome","0/16","12/19979",0,0,-0.0980973569754704,1,1,1,"",0
"GO:0071007","U2-type catalytic step 2 spliceosome","0/16","30/19979",0,0,-0.155175500396563,1,1,1,"",0
"GO:0071010","prespliceosome","0/16","18/19979",0,0,-0.12016229034215,1,1,1,"",0
"GO:0071011","precatalytic spliceosome","0/16","57/19979",0,0,-0.214039561364717,1,1,1,"",0
"GO:0071012","catalytic step 1 spliceosome","0/16","12/19979",0,0,-0.0980973569754704,1,1,1,"",0
"GO:0071013","catalytic step 2 spliceosome","0/16","93/19979",0,0,-0.273647099401568,1,1,1,"",0
"GO:0071014","post-mRNA release spliceosomal complex","0/16","11/19979",0,0,-0.0939187169485379,1,1,1,"",0
"GO:0071162","CMG complex","0/16","10/19979",0,0,-0.0895457408373583,1,1,1,"",0
"GO:0071203","WASH complex","0/16","15/19979",0,0,-0.109684419541984,1,1,1,"",0
"GO:0071339","MLL1 complex","0/16","29/19979",0,0,-0.152563499248409,1,1,1,"",0
"GO:0071546","pi-body","0/16","10/19979",0,0,-0.0895457408373583,1,1,1,"",0
"GO:0071564","npBAF complex","0/16","12/19979",0,0,-0.0980973569754704,1,1,1,"",0
"GO:0071565","nBAF complex","0/16","14/19979",0,0,-0.105962562643585,1,1,1,"",0
"GO:0071682","endocytic vesicle lumen","0/16","23/19979",0,0,-0.135847065897673,1,1,1,"",0
"GO:0071782","endoplasmic reticulum tubular network","0/16","29/19979",0,0,-0.152563499248409,1,1,1,"",0
"GO:0071953","elastic fiber","0/16","37/19979",0,0,-0.172361235470886,1,1,1,"",0
"GO:0072379","ER membrane insertion complex","0/16","14/19979",0,0,-0.105962562643585,1,1,1,"",0
"GO:0072534","perineuronal net","0/16","10/19979",0,0,-0.0895457408373583,1,1,1,"",0
"GO:0072546","EMC complex","0/16","10/19979",0,0,-0.0895457408373583,1,1,1,"",0
"GO:0072562","blood microparticle","0/16","145/19979",0,0,-0.342138493689149,1,1,1,"",0
"GO:0072686","mitotic spindle","0/16","169/19979",0,0,-0.36959339970867,1,1,1,"",0
"GO:0072687","meiotic spindle","0/16","17/19979",0,0,-0.116773830746936,1,1,1,"",0
"GO:0080008","Cul4-RING E3 ubiquitin ligase complex","0/16","38/19979",0,0,-0.174679292364497,1,1,1,"",0
"GO:0090443","FAR/SIN/STRIPAK complex","0/16","17/19979",0,0,-0.116773830746936,1,1,1,"",0
"GO:0090533","cation-transporting ATPase complex","0/16","47/19979",0,0,-0.194310639932513,1,1,1,"",0
"GO:0090543","Flemming body","0/16","25/19979",0,0,-0.141637454400159,1,1,1,"",0
"GO:0090545","CHD-type complex","0/16","16/19979",0,0,-0.113284418646196,1,1,1,"",0
"GO:0090575","RNA polymerase II transcription regulator complex","0/16","222/19979",0,0,-0.424169150714666,1,1,1,"",0
"GO:0090665","glycoprotein complex","0/16","19/19979",0,0,-0.123458110057488,1,1,1,"",0
"GO:0090734","site of DNA damage","0/16","144/19979",0,0,-0.340948069685969,1,1,1,"",0
"GO:0090741","pigment granule membrane","0/16","24/19979",0,0,-0.13877231943662,1,1,1,"",0
"GO:0097014","ciliary plasm","0/16","235/19979",0,0,-0.436555488133497,1,1,1,"",0
"GO:0097038","perinuclear endoplasmic reticulum","0/16","23/19979",0,0,-0.135847065897673,1,1,1,"",0
"GO:0097060","synaptic membrane","0/16","451/19979",0,0,-0.60811046892726,1,1,1,"",0
"GO:0097197","tetraspanin-enriched microdomain","0/16","10/19979",0,0,-0.0895457408373583,1,1,1,"",0
"GO:0097225","sperm midpiece","0/16","85/19979",0,0,-0.261560102206591,1,1,1,"",0
"GO:0097227","sperm annulus","0/16","13/19979",0,0,-0.102105523215573,1,1,1,"",0
"GO:0097228","sperm principal piece","0/16","69/19979",0,0,-0.235565674651011,1,1,1,"",0
"GO:0097229","sperm end piece","0/16","30/19979",0,0,-0.155175500396563,1,1,1,"",0
"GO:0097346","INO80-type complex","0/16","28/19979",0,0,-0.14990626158168,1,1,1,"",0
"GO:0097381","photoreceptor disc membrane","0/16","26/19979",0,0,-0.144446048289755,1,1,1,"",0
"GO:0097413","Lewy body","0/16","12/19979",0,0,-0.0980973569754704,1,1,1,"",0
"GO:0097431","mitotic spindle pole","0/16","39/19979",0,0,-0.176967216051182,1,1,1,"",0
"GO:0097440","apical dendrite","0/16","19/19979",0,0,-0.123458110057488,1,1,1,"",0
"GO:0097470","ribbon synapse","0/16","14/19979",0,0,-0.105962562643585,1,1,1,"",0
"GO:0097504","Gemini of Cajal bodies","0/16","12/19979",0,0,-0.0980973569754704,1,1,1,"",0
"GO:0097517","contractile actin filament bundle","0/16","85/19979",0,0,-0.261560102206591,1,1,1,"",0
"GO:0097524","sperm plasma membrane","0/16","12/19979",0,0,-0.0980973569754704,1,1,1,"",0
"GO:0097525","spliceosomal snRNP complex","0/16","90/19979",0,0,-0.269176953273719,1,1,1,"",0
"GO:0097526","spliceosomal tri-snRNP complex","0/16","41/19979",0,0,-0.181457208237799,1,1,1,"",0
"GO:0097542","ciliary tip","0/16","66/19979",0,0,-0.230370419546785,1,1,1,"",0
"GO:0097545","axonemal doublet microtubule","0/16","49/19979",0,0,-0.198411793576425,1,1,1,"",0
"GO:0097546","ciliary base","0/16","49/19979",0,0,-0.198411793576425,1,1,1,"",0
"GO:0097550","transcription preinitiation complex","0/16","13/19979",0,0,-0.102105523215573,1,1,1,"",0
"GO:0097648","G protein-coupled receptor complex","0/16","11/19979",0,0,-0.0939187169485379,1,1,1,"",0
"GO:0097649","A axonemal microtubule","0/16","44/19979",0,0,-0.187992840773561,1,1,1,"",0
"GO:0097729","9+2 motile cilium","0/16","278/19979",0,0,-0.475336708768787,1,1,1,"",0
"GO:0097730","non-motile cilium","0/16","186/19979",0,0,-0.387903548161601,1,1,1,"",0
"GO:0097731","9+0 non-motile cilium","0/16","148/19979",0,0,-0.345685881752794,1,1,1,"",0
"GO:0097732","9+2 non-motile cilium","0/16","12/19979",0,0,-0.0980973569754704,1,1,1,"",0
"GO:0097733","photoreceptor cell cilium","0/16","123/19979",0,0,-0.314941408897792,1,1,1,"",0
"GO:0098533","ATPase dependent transmembrane transport complex","0/16","53/19979",0,0,-0.206372090813035,1,1,1,"",0
"GO:0098553","lumenal side of endoplasmic reticulum membrane","0/16","36/19979",0,0,-0.170011812769095,1,1,1,"",0
"GO:0098554","cytoplasmic side of endoplasmic reticulum membrane","0/16","35/19979",0,0,-0.167629705400855,1,1,1,"",0
"GO:0098576","lumenal side of membrane","0/16","47/19979",0,0,-0.194310639932513,1,1,1,"",0
"GO:0098636","protein complex involved in cell adhesion","0/16","40/19979",0,0,-0.179226160571003,1,1,1,"",0
"GO:0098643","fibrillar collagen complex","0/16","11/19979",0,0,-0.0939187169485379,1,1,1,"",0
"GO:0098644","complex of collagen trimers","0/16","35/19979",0,0,-0.167629705400855,1,1,1,"",0
"GO:0098685","Schaffer collateral - CA1 synapse","0/16","100/19979",0,0,-0.283808779137608,1,1,1,"",0
"GO:0098686","hippocampal mossy fiber to CA3 synapse","0/16","46/19979",0,0,-0.192227569493875,1,1,1,"",0
"GO:0098687","chromosomal region","0/16","417/19979",0,0,-0.584230858891266,1,1,1,"",0
"GO:0098688","parallel fiber to Purkinje cell synapse","0/16","24/19979",0,0,-0.13877231943662,1,1,1,"",0
"GO:0098691","dopaminergic synapse","0/16","15/19979",0,0,-0.109684419541984,1,1,1,"",0
"GO:0098791","Golgi apparatus subcompartment","0/16","410/19979",0,0,-0.57920286855726,1,1,1,"",0
"GO:0098798","mitochondrial protein-containing complex","0/16","176/19979",0,0,-0.377236696043449,1,1,1,"",0
"GO:0098799","outer mitochondrial membrane protein complex","0/16","25/19979",0,0,-0.141637454400159,1,1,1,"",0
"GO:0098800","inner mitochondrial membrane protein complex","0/16","54/19979",0,0,-0.20831512672193,1,1,1,"",0
"GO:0098802","plasma membrane signaling receptor complex","0/16","320/19979",0,0,-0.510525418683106,1,1,1,"",0
"GO:0098803","respiratory chain complex","0/16","112/19979",0,0,-0.300445675818111,1,1,1,"",0
"GO:0098831","presynaptic active zone cytoplasmic component","0/16","14/19979",0,0,-0.105962562643585,1,1,1,"",0
"GO:0098837","postsynaptic recycling endosome","0/16","11/19979",0,0,-0.0939187169485379,1,1,1,"",0
"GO:0098839","postsynaptic density membrane","0/16","124/19979",0,0,-0.316227030028078,1,1,1,"",0
"GO:0098845","postsynaptic endosome","0/16","21/19979",0,0,-0.129799861948862,1,1,1,"",0
"GO:0098850","extrinsic component of synaptic vesicle membrane","0/16","15/19979",0,0,-0.109684419541984,1,1,1,"",0
"GO:0098857","membrane microdomain","0/16","300/19979",0,0,-0.494062858606756,1,1,1,"",0
"GO:0098858","actin-based cell projection","0/16","230/19979",0,0,-0.431831635852217,1,1,1,"",0
"GO:0098862","cluster of actin-based cell projections","0/16","176/19979",0,0,-0.377236696043449,1,1,1,"",0
"GO:0098871","postsynaptic actin cytoskeleton","0/16","10/19979",0,0,-0.0895457408373583,1,1,1,"",0
"GO:0098878","neurotransmitter receptor complex","0/16","56/19979",0,0,-0.212148389082552,1,1,1,"",0
"GO:0098890","extrinsic component of postsynaptic membrane","0/16","12/19979",0,0,-0.0980973569754704,1,1,1,"",0
"GO:0098966","perisynaptic extracellular matrix","0/16","11/19979",0,0,-0.0939187169485379,1,1,1,"",0
"GO:0098981","cholinergic synapse","0/16","13/19979",0,0,-0.102105523215573,1,1,1,"",0
"GO:0098982","GABA-ergic synapse","0/16","118/19979",0,0,-0.30843491908827,1,1,1,"",0
"GO:0098984","neuron to neuron synapse","0/16","404/19979",0,0,-0.574861057583553,1,1,1,"",0
"GO:0098985","asymmetric, glutamatergic, excitatory synapse","0/16","17/19979",0,0,-0.116773830746936,1,1,1,"",0
"GO:0098992","neuronal dense core vesicle","0/16","32/19979",0,0,-0.160272601991885,1,1,1,"",0
"GO:0099023","vesicle tethering complex","0/16","67/19979",0,0,-0.232114917187318,1,1,1,"",0
"GO:0099086","synaptonemal structure","0/16","42/19979",0,0,-0.183661375728132,1,1,1,"",0
"GO:0099091","postsynaptic specialization, intracellular component","0/16","26/19979",0,0,-0.144446048289755,1,1,1,"",0
"GO:0099092","postsynaptic density, intracellular component","0/16","21/19979",0,0,-0.129799861948862,1,1,1,"",0
"GO:0099243","extrinsic component of synaptic membrane","0/16","19/19979",0,0,-0.123458110057488,1,1,1,"",0
"GO:0099501","exocytic vesicle membrane","0/16","145/19979",0,0,-0.342138493689149,1,1,1,"",0
"GO:0099523","presynaptic cytosol","0/16","29/19979",0,0,-0.152563499248409,1,1,1,"",0
"GO:0099524","postsynaptic cytosol","0/16","29/19979",0,0,-0.152563499248409,1,1,1,"",0
"GO:0099535","synapse-associated extracellular matrix","0/16","12/19979",0,0,-0.0980973569754704,1,1,1,"",0
"GO:0099568","cytoplasmic region","0/16","29/19979",0,0,-0.152563499248409,1,1,1,"",0
"GO:0099571","postsynaptic cytoskeleton","0/16","15/19979",0,0,-0.109684419541984,1,1,1,"",0
"GO:0099572","postsynaptic specialization","0/16","387/19979",0,0,-0.562392070645675,1,1,1,"",0
"GO:0099634","postsynaptic specialization membrane","0/16","153/19979",0,0,-0.351520985250511,1,1,1,"",0
"GO:0099738","cell cortex region","0/16","29/19979",0,0,-0.152563499248409,1,1,1,"",0
"GO:0101002","ficolin-1-rich granule","0/16","186/19979",0,0,-0.387903548161601,1,1,1,"",0
"GO:0101003","ficolin-1-rich granule membrane","0/16","61/19979",0,0,-0.221444626256174,1,1,1,"",0
"GO:0101031","protein folding chaperone complex","0/16","32/19979",0,0,-0.160272601991885,1,1,1,"",0
"GO:0106083","nuclear membrane protein complex","0/16","11/19979",0,0,-0.0939187169485379,1,1,1,"",0
"GO:0106094","nuclear membrane microtubule tethering complex","0/16","11/19979",0,0,-0.0939187169485379,1,1,1,"",0
"GO:0106139","symbiont cell surface","0/16","20/19979",0,0,-0.126668521407226,1,1,1,"",0
"GO:0120103","centriolar subdistal appendage","0/16","10/19979",0,0,-0.0895457408373583,1,1,1,"",0
"GO:0120114","Sm-like protein family complex","0/16","112/19979",0,0,-0.300445675818111,1,1,1,"",0
"GO:0120212","sperm head-tail coupling apparatus","0/16","22/19979",0,0,-0.13285772273532,1,1,1,"",0
"GO:0120293","dynein axonemal particle","0/16","20/19979",0,0,-0.126668521407226,1,1,1,"",0
"GO:0140047","specialized extracellular matrix","0/16","22/19979",0,0,-0.13285772273532,1,1,1,"",0
"GO:0140139","solid phase of basement membrane","0/16","23/19979",0,0,-0.135847065897673,1,1,1,"",0
"GO:0140143","collagenous component of basement membrane","0/16","10/19979",0,0,-0.0895457408373583,1,1,1,"",0
"GO:0140144","non-collagenous component of basement membrane","0/16","13/19979",0,0,-0.102105523215573,1,1,1,"",0
"GO:0140149","non-collagenous component of interstitial matrix","0/16","44/19979",0,0,-0.187992840773561,1,1,1,"",0
"GO:0140151","solid phase of interstitial matrix","0/16","64/19979",0,0,-0.226841716002974,1,1,1,"",0
"GO:0140152","collagenous component of interstitial matrix","0/16","21/19979",0,0,-0.129799861948862,1,1,1,"",0
"GO:0140268","endoplasmic reticulum-plasma membrane contact site","0/16","19/19979",0,0,-0.123458110057488,1,1,1,"",0
"GO:0140275","MIB complex","0/16","13/19979",0,0,-0.102105523215573,1,1,1,"",0
"GO:0140349","laminin network","0/16","13/19979",0,0,-0.102105523215573,1,1,1,"",0
"GO:0140445","chromosome, telomeric repeat region","0/16","15/19979",0,0,-0.109684419541984,1,1,1,"",0
"GO:0140534","endoplasmic reticulum protein-containing complex","0/16","121/19979",0,0,-0.312354685011445,1,1,1,"",0
"GO:0140672","ATAC complex","0/16","14/19979",0,0,-0.105962562643585,1,1,1,"",0
"GO:0150005","enzyme activator complex","0/16","13/19979",0,0,-0.102105523215573,1,1,1,"",0
"GO:0150034","distal axon","0/16","276/19979",0,0,-0.473599739355516,1,1,1,"",0
"GO:0160110","axonemal microtubule doublet inner sheath","0/16","45/19979",0,0,-0.19012188969523,1,1,1,"",0
"GO:0160111","axonemal A tubule inner sheath","0/16","30/19979",0,0,-0.155175500396563,1,1,1,"",0
"GO:0160112","axonemal B tubule inner sheath","0/16","13/19979",0,0,-0.102105523215573,1,1,1,"",0
"GO:0160232","INTAC complex","0/16","17/19979",0,0,-0.116773830746936,1,1,1,"",0
"GO:1902493","acetyltransferase complex","0/16","108/19979",0,0,-0.295002100578912,1,1,1,"",0
"GO:1902495","transmembrane transporter complex","0/16","499/19979",0,0,-0.640440648897589,1,1,1,"",0
"GO:1902554","serine/threonine protein kinase complex","0/16","121/19979",0,0,-0.312354685011445,1,1,1,"",0
"GO:1902555","endoribonuclease complex","0/16","34/19979",0,0,-0.165213499557838,1,1,1,"",0
"GO:1902562","H4 histone acetyltransferase complex","0/16","42/19979",0,0,-0.183661375728132,1,1,1,"",0
"GO:1902710","GABA receptor complex","0/16","21/19979",0,0,-0.129799861948862,1,1,1,"",0
"GO:1902711","GABA-A receptor complex","0/16","19/19979",0,0,-0.123458110057488,1,1,1,"",0
"GO:1902773","GTPase activator complex","0/16","11/19979",0,0,-0.0939187169485379,1,1,1,"",0
"GO:1902911","protein kinase complex","0/16","135/19979",0,0,-0.330046679197413,1,1,1,"",0
"GO:1903293","phosphatase complex","0/16","55/19979",0,0,-0.210240398254887,1,1,1,"",0
"GO:1904724","tertiary granule lumen","0/16","55/19979",0,0,-0.210240398254887,1,1,1,"",0
"GO:1904813","ficolin-1-rich granule lumen","0/16","125/19979",0,0,-0.317507574308534,1,1,1,"",0
"GO:1904930","amphisome membrane","0/16","12/19979",0,0,-0.0980973569754704,1,1,1,"",0
"GO:1904949","ATPase complex","0/16","117/19979",0,0,-0.307117479180574,1,1,1,"",0
"GO:1905286","serine-type peptidase complex","0/16","12/19979",0,0,-0.0980973569754704,1,1,1,"",0
"GO:1905348","endonuclease complex","0/16","39/19979",0,0,-0.176967216051182,1,1,1,"",0
"GO:1905354","exoribonuclease complex","0/16","25/19979",0,0,-0.141637454400159,1,1,1,"",0
"GO:1905360","GTPase complex","0/16","39/19979",0,0,-0.176967216051182,1,1,1,"",0
"GO:1905370","serine-type endopeptidase complex","0/16","10/19979",0,0,-0.0895457408373583,1,1,1,"",0
"GO:1990023","mitotic spindle midzone","0/16","14/19979",0,0,-0.105962562643585,1,1,1,"",0
"GO:1990204","oxidoreductase complex","0/16","108/19979",0,0,-0.295002100578912,1,1,1,"",0
"GO:1990229","iron-sulfur cluster assembly complex","0/16","13/19979",0,0,-0.102105523215573,1,1,1,"",0
"GO:1990391","DNA repair complex","0/16","14/19979",0,0,-0.105962562643585,1,1,1,"",0
"GO:1990454","L-type voltage-gated calcium channel complex","0/16","11/19979",0,0,-0.0939187169485379,1,1,1,"",0
"GO:1990498","mitotic spindle microtubule","0/16","16/19979",0,0,-0.113284418646196,1,1,1,"",0
"GO:1990531","phospholipid-translocating ATPase complex","0/16","11/19979",0,0,-0.0939187169485379,1,1,1,"",0
"GO:1990742","microvesicle","0/16","13/19979",0,0,-0.102105523215573,1,1,1,"",0
"GO:1990752","microtubule end","0/16","35/19979",0,0,-0.167629705400855,1,1,1,"",0
"GO:1990777","lipoprotein particle","0/16","37/19979",0,0,-0.172361235470886,1,1,1,"",0
"GO:1990877","FNIP-folliculin RagC/D GAP","0/16","10/19979",0,0,-0.0895457408373583,1,1,1,"",0
"GO:1990907","beta-catenin-TCF complex","0/16","13/19979",0,0,-0.102105523215573,1,1,1,"",0
"GO:1990909","Wnt signalosome","0/16","13/19979",0,0,-0.102105523215573,1,1,1,"",0
