"Gene","Region","Low(<=3)","High(>3)","log2FC","signed_FC","p_value","FDR"
"ADAM33","FUSIFORM GYRUS",3.50906119738582,3.81334012642339,0.30427892903757,1.23480131891568,0.0938633734871197,0.115764827300781
"ADAM33","HIPPOCAMPUS",3.11707765518134,3.91946077907019,0.802383123888852,1.74397955096238,0.0705299071368966,0.616010486421672
"ADAM33","LATERAL TEMPORAL CORTEX",3.13043143754144,4.27169024532924,1.1412588077878,2.20573398143237,0.0039139003758433,0.0170545903432348
"ADAM33","OCCIPITAL LOBE",3.17194411254121,4.07700242925421,0.905058316712999,1.87262018851447,0.034805173969237,0.0585359744028077
"AEBP1","FUSIFORM GYRUS",5.04341906912982,5.61004766900311,0.566628599873295,1.48105847272431,0.00498307979354244,0.0131695680257907
"AEBP1","HIPPOCAMPUS",5.27762481863572,5.33999444698938,0.0623696283536557,1.0441794190747,0.571646768098406,0.755390372130037
"AEBP1","LATERAL TEMPORAL CORTEX",5.24771074500499,6.03647041148143,0.788759666476438,1.72758855788937,0.0794615631199468,0.0890932677405464
"AEBP1","OCCIPITAL LOBE",4.7217314269567,5.99655028691525,1.27481885995855,2.41968435176117,0.0212399402399603,0.0585359744028077
"CCDC102A","FUSIFORM GYRUS",0.426956715777778,0.816571043066667,0.389614327288889,1.31004314589193,0.0875103523603031,0.111651139218318
"CCDC102A","HIPPOCAMPUS",0,0,0,1,0.521702565571073,0.714925738004803
"CCDC102A","LATERAL TEMPORAL CORTEX",1.38877355011111,2.39174124833333,1.00296769822222,2.00411833767542,0.00587188389300741,0.0197508821855704
"CCDC102A","OCCIPITAL LOBE",0.285164693375,1.92376739644737,1.63860270307237,3.11364119532701,0.00352235929667499,0.0431282497987076
"CHML","FUSIFORM GYRUS",3.07169937619271,2.57501659286856,-0.496682783324151,-1.41096556923072,0.00619678668307123,0.0152854071515757
"CHML","HIPPOCAMPUS",2.64749384687684,3.03158074817247,0.384086901295632,1.30503355452406,0.644053385465012,0.794332508740182
"CHML","LATERAL TEMPORAL CORTEX",3.0858119716997,2.37517984096293,-0.710632130736778,-1.6365210175022,0.00956526509346386,0.028929625812544
"CHML","OCCIPITAL LOBE",3.2214234248863,2.28690296992827,-0.934520454958029,-1.91125523734558,0.0261172129299304,0.0585359744028077
"CLDN9","FUSIFORM GYRUS",0.95301066,1.27100650986667,0.317995849866667,1.24659760824092,0.172169097894475,0.199070519440487
"CLDN9","HIPPOCAMPUS",0,0,0,1,0.521702565571072,0.714925738004803
"CLDN9","LATERAL TEMPORAL CORTEX",1.26942315805556,2.59227053141667,1.32284737336111,2.50159349583567,0.00137119891350413,0.0101468719599305
"CLDN9","OCCIPITAL LOBE",1.3456352665,2.08327771413158,0.737642447631579,1.66744878190584,0.0569752145328323,0.0714659269702897
"COL25A1","FUSIFORM GYRUS",1.76661232243917,1.16963672492162,-0.59697559751755,-1.51254241315093,0.0114935901071567,0.0222808938713824
"COL25A1","HIPPOCAMPUS",2.3679615181152,0.83221511493683,-1.53574640317837,-2.89938396747425,0.136115209967396,0.616010486421672
"COL25A1","LATERAL TEMPORAL CORTEX",1.85580723766803,1.1760490433906,-0.679758194277439,-1.60187124791613,0.0780897923604916,0.0890932677405464
"COL25A1","OCCIPITAL LOBE",1.91895022179371,1.0630209782133,-0.855929243580409,-1.80992415655964,0.0333406621275849,0.0585359744028077
"ELOVL4","FUSIFORM GYRUS",4.21448289042867,3.71099787963816,-0.503485010790512,-1.41763390204706,0.0136207415552191,0.0224408221095205
"ELOVL4","HIPPOCAMPUS",4.18845492505335,3.657013503309,-0.53144142174435,-1.44537257126309,0.273606612153848,0.616010486421672
"ELOVL4","LATERAL TEMPORAL CORTEX",4.06588278224515,3.76059438198836,-0.305288400256791,-1.23566562672406,0.339541972868771,0.348973694337348
"ELOVL4","OCCIPITAL LOBE",4.24363360947009,3.60682752228368,-0.636806087186411,-1.5548830656997,0.0449090147347435,0.0664653418074204
"GAD1","FUSIFORM GYRUS",5.51604252796442,4.94860889068898,-0.567433637275437,-1.48188514790706,0.037951769625583,0.0520079805980212
"GAD1","HIPPOCAMPUS",5.20345345123302,5.26152580120987,0.0580723499768574,1.04107380537525,0.873438005633759,0.950506064954385
"GAD1","LATERAL TEMPORAL CORTEX",5.66109845920878,4.89007869421781,-0.771019764990974,-1.70647557486088,0.0699915782734017,0.0890932677405464
"GAD1","OCCIPITAL LOBE",5.68087668468263,4.86940762460459,-0.811469060078042,-1.75499760299964,0.0207242845255531,0.0585359744028077
"GAD2","FUSIFORM GYRUS",4.23325348384745,3.47600897748111,-0.757244506366336,-1.6902592078203,0.0296954195879364,0.0422588663366788
"GAD2","HIPPOCAMPUS",4.04113226623119,3.65170621392501,-0.389426052306179,-1.30987219343817,0.461305571501155,0.714925738004803
"GAD2","LATERAL TEMPORAL CORTEX",4.53358230890171,3.59382668829321,-0.939755620608495,-1.91820328497484,0.0762512373854795,0.0890932677405464
"GAD2","OCCIPITAL LOBE",4.21831370187805,3.54520922218143,-0.673104479696625,-1.59450042231296,0.0646043495148774,0.0771084171629182
"GFAP","FUSIFORM GYRUS",11.5230518729298,12.0051530783313,0.482101205401438,1.39677651323643,0.010552939374075,0.0222808938713824
"GFAP","HIPPOCAMPUS",11.4309483494173,11.9790427250198,0.548094375602542,1.46215309374571,0.229573985412912,0.616010486421672
"GFAP","LATERAL TEMPORAL CORTEX",11.457452903496,12.34546186773,0.888008964234013,1.85062035493161,0.038669775423818,0.0571131657994551
"GFAP","OCCIPITAL LOBE",11.2926191590668,12.1450779585427,0.852458799475928,1.80557556476218,0.0579453461921267,0.0714659269702897
"HPRT1","FUSIFORM GYRUS",5.21158290555209,4.50547807539974,-0.706104830152353,-1.63139352386959,0.000564311158794533,0.00341419765402133
"HPRT1","HIPPOCAMPUS",4.73176885189466,4.83243687461568,0.10066802272102,1.0722698493613,0.922525439113926,0.975241178491864
"HPRT1","LATERAL TEMPORAL CORTEX",4.92335390640678,4.21947491209767,-0.703878994309108,-1.6288784986282,0.0572542047229496,0.0784594657314495
"HPRT1","OCCIPITAL LOBE",5.00080744306197,4.31311452681188,-0.687692916250084,-1.61070570007653,0.106784794671387,0.119728406146707
"HSPB1","FUSIFORM GYRUS",6.4682758825811,6.76464025642578,0.296364373844681,1.22804580577484,0.236379046515289,0.265031052153506
"HSPB1","HIPPOCAMPUS",6.08394768463041,6.67516157039091,0.591213885760504,1.50651379724485,0.299680777178111,0.616010486421672
"HSPB1","LATERAL TEMPORAL CORTEX",6.51879191703047,7.54132061384845,1.02252869681798,2.03147652980038,0.030865824408465,0.0543826430053908
"HSPB1","OCCIPITAL LOBE",5.87885459960145,7.33971438996686,1.46085979036541,2.75272366421881,0.0501717371979513,0.0713982413970845
"HSPB7","FUSIFORM GYRUS",0.157360207518519,0.821851203288889,0.66449099577037,1.58500895986621,0.000452445685510867,0.00341419765402133
"HSPB7","HIPPOCAMPUS",0,0,0,1,0.521702565571073,0.714925738004803
"HSPB7","LATERAL TEMPORAL CORTEX",0.896558443222222,1.84666991633333,0.950111473111111,1.93202193414813,0.000168556415774632,0.0031441158682702
"HSPB7","OCCIPITAL LOBE",-0.646454777,0.242555762868421,0.889010539868421,1.85190557443489,0.0422040858120243,0.0650646322935375
"ITFG1","FUSIFORM GYRUS",5.59992233860659,5.20513123664463,-0.39479110196196,-1.31475237410902,0.0121895614389348,0.0222808938713824
"ITFG1","HIPPOCAMPUS",5.52288489793856,5.29223566389326,-0.2306492340453,-1.17336286103117,0.409444736325256,0.688611602001567
"ITFG1","LATERAL TEMPORAL CORTEX",5.65917630075997,4.98240514829199,-0.676771152467985,-1.59855806928424,0.0245502935799302,0.0472052266898267
"ITFG1","OCCIPITAL LOBE",5.7548372632488,5.03007953296762,-0.724757730281187,-1.65262309036863,0.0339044005760907,0.0585359744028077
"KANK2","FUSIFORM GYRUS",4.23898858710427,4.824102887038,0.585114299933728,1.50015783709791,0.000562601030607544,0.00341419765402133
"KANK2","HIPPOCAMPUS",4.37627624706838,4.64138259016938,0.265106343100996,1.20172462709169,0.294102146413536,0.616010486421672
"KANK2","LATERAL TEMPORAL CORTEX",4.31641295703545,5.21515992038031,0.898746963344856,1.86444593595671,0.00117200664828825,0.0101468719599305
"KANK2","OCCIPITAL LOBE",4.04578858712322,5.05862986173216,1.01284127460893,2.01788124806574,0.00642410484347114,0.0431282497987076
"KLF15","FUSIFORM GYRUS",4.83642108150091,5.30876558050337,0.472344499002462,1.38736221574033,0.00438291795388328,0.0124744587918216
"KLF15","HIPPOCAMPUS",5.02508924212299,4.97588995840731,-0.0491992837156783,-1.03469049649417,0.771255889336232,0.875930631907415
"KLF15","LATERAL TEMPORAL CORTEX",4.81464872936296,5.8324354982354,1.01778676887245,2.02481032449443,0.000169952209095687,0.0031441158682702
"KLF15","OCCIPITAL LOBE",4.80493653613001,5.53233965407524,0.727403117945227,1.6556561910934,0.0527611249760737,0.0714659269702897
"MAS1","FUSIFORM GYRUS",2.10126809807376,0.811484330336541,-1.28978376773722,-2.44491408228344,0.00134934514575281,0.0050642728898126
"MAS1","HIPPOCAMPUS",1.99323165029625,0.982315481874492,-1.01091616842175,-2.01519041949544,0.338530989251766,0.616853871405874
"MAS1","LATERAL TEMPORAL CORTEX",1.88840813565231,0.396113257176256,-1.49229487847605,-2.81336137576687,0.0101644631233263,0.028929625812544
"MAS1","OCCIPITAL LOBE",2.11990546148076,0.616556179767715,-1.50334928171305,-2.83500107400169,0.0340096964222683,0.0585359744028077
"MRGPRF","FUSIFORM GYRUS",0.411782576111111,0.957318417366667,0.545535841255556,1.45956234963731,0.0139497002302425,0.0224408221095205
"MRGPRF","HIPPOCAMPUS",0,0,0,1,0.521702565571073,0.714925738004803
"MRGPRF","LATERAL TEMPORAL CORTEX",1.15263791738889,2.62165841958333,1.46902050219444,2.76833877279168,0.00179405470245295,0.0110633373317932
"MRGPRF","OCCIPITAL LOBE",1.065757098625,1.90918681144737,0.843429712822368,1.79431068276796,0.00451546566485062,0.0431282497987076
"NAP1L5","FUSIFORM GYRUS",5.51439318627888,4.80964727424104,-0.704745912037844,-1.6298575884296,0.00137326639192834,0.0050642728898126
"NAP1L5","HIPPOCAMPUS",4.88205874417942,5.3381908845774,0.456132140397982,1.37185893516102,0.265701924752325,0.616010486421672
"NAP1L5","LATERAL TEMPORAL CORTEX",5.3363662911451,4.57619485748905,-0.760171433656049,-1.69369187206492,0.0380781777877575,0.0571131657994551
"NAP1L5","OCCIPITAL LOBE",5.69105153155363,4.53908244264554,-1.15196908890809,-2.22216984473078,0.00699377023762827,0.0431282497987076
"NCALD","FUSIFORM GYRUS",6.56203001946302,5.88477057498459,-0.677259444478433,-1.59909920599038,0.00127731167221995,0.0050642728898126
"NCALD","HIPPOCAMPUS",6.0964557291759,6.30783826164733,0.211382532471431,1.15779716772297,0.781235428457964,0.875930631907415
"NCALD","LATERAL TEMPORAL CORTEX",6.47719568499525,5.74963552190532,-0.727560163089935,-1.65583642801884,0.0401335759671846,0.0571131657994551
"NCALD","OCCIPITAL LOBE",6.51225832757764,5.78193676915295,-0.730321558424691,-1.65900882244596,0.0746086018644158,0.0862661959057307
"NEUROD6","FUSIFORM GYRUS",3.65738823681274,2.38854111982225,-1.26884711699049,-2.40968926065913,3.47495335353861e-05,0.000642866370404644
"NEUROD6","HIPPOCAMPUS",3.43365671089494,2.3752880218208,-1.05836868907415,-2.08257534156013,0.350106251338469,0.616853871405874
"NEUROD6","LATERAL TEMPORAL CORTEX",3.33734316223486,2.04677625627571,-1.29056690595915,-2.44624161539809,0.00390662229258878,0.0170545903432348
"NEUROD6","OCCIPITAL LOBE",3.39718872208137,2.13044503768648,-1.26674368439489,-2.40617852166444,0.0146049644181304,0.0540383683470825
"NRN1","FUSIFORM GYRUS",5.87598237404325,5.09121097012852,-0.784771403914727,-1.72281931581411,3.03620479672034e-05,0.000642866370404644
"NRN1","HIPPOCAMPUS",5.63990170468238,5.25994536019579,-0.379956344486586,-1.30130247782873,0.639131721463257,0.794332508740182
"NRN1","LATERAL TEMPORAL CORTEX",5.66171006791072,4.73963406718658,-0.922076000724141,-1.89483995814651,0.00414841386727333,0.0170545903432348
"NRN1","OCCIPITAL LOBE",5.78184545893598,4.86321523577085,-0.918630223165128,-1.89031966400489,0.0274926363222218,0.0585359744028077
"NUPR1","FUSIFORM GYRUS",3.9146728539657,4.09971027968513,0.185037425719424,1.13684646439231,0.36930742066128,0.401893369543158
"NUPR1","HIPPOCAMPUS",3.42282121392061,4.17313077051984,0.750309556599233,1.68215372862635,0.145572896579014,0.616010486421672
"NUPR1","LATERAL TEMPORAL CORTEX",3.47138924478741,4.4766178056471,1.00522856085969,2.00726147486998,0.0195412182661004,0.0435667244591684
"NUPR1","OCCIPITAL LOBE",3.14337095910074,4.32813631612533,1.1847653570246,2.27326418790403,0.0111401944108508,0.0515233991501848
"OPN3","FUSIFORM GYRUS",3.4178992831627,2.84647812066062,-0.571421162502082,-1.48598665786778,0.00150559464291726,0.0050642728898126
"OPN3","HIPPOCAMPUS",2.85036987321251,3.19229822709066,0.341928353878153,1.26744957726846,0.748726384023404,0.875930631907415
"OPN3","LATERAL TEMPORAL CORTEX",3.25740109179634,2.67810426258607,-0.579296829210263,-1.49412083536904,0.0335264746888341,0.0563854347039483
"OPN3","OCCIPITAL LOBE",3.06051232504496,2.84194225754313,-0.218570067501838,-1.16357972840839,0.588671974097376,0.588671974097376
"PIK3R5","FUSIFORM GYRUS",1.66830688499122,2.24294582663096,0.574638941639734,1.48930469327996,0.00716431436049839,0.0165674769586525
"PIK3R5","HIPPOCAMPUS",1.67546569566284,2.24124981053459,0.565784114871754,1.48019178527949,0.256742515704337,0.616010486421672
"PIK3R5","LATERAL TEMPORAL CORTEX",1.70113065514678,2.49655348505668,0.795422829909899,1.73558597113768,0.062105306889441,0.082067726961047
"PIK3R5","OCCIPITAL LOBE",1.89843840449313,2.32412818545687,0.425689780963746,1.34321456666257,0.235959522546025,0.24944292383437
"PRELP","FUSIFORM GYRUS",4.85257599971927,5.14594343619386,0.293367436474584,1.22549741110264,0.165357278767882,0.197361913368117
"PRELP","HIPPOCAMPUS",4.74737582251256,5.05100145023464,0.303625627722086,1.2342422855228,0.27138071532939,0.616010486421672
"PRELP","LATERAL TEMPORAL CORTEX",4.75860626691476,5.5354448106564,0.77683854374164,1.71337215027493,0.0200171436704287,0.0435667244591684
"PRELP","OCCIPITAL LOBE",4.43721451220741,5.47515756766909,1.03794305546168,2.05329804422389,0.0142897680818616,0.0540383683470825
"PRX","FUSIFORM GYRUS",3.00364079983757,3.46688656342281,0.463245763585238,1.37863998475812,0.0207449411203944,0.0319817842272748
"PRX","HIPPOCAMPUS",2.79256675282704,3.55708693765828,0.764520184831243,1.69880491147567,0.168296541213147,0.616010486421672
"PRX","LATERAL TEMPORAL CORTEX",3.10309324351119,3.90243279277499,0.799339549263808,1.74030425107825,0.0374186513485707,0.0571131657994551
"PRX","OCCIPITAL LOBE",2.57512714642365,3.85901172892789,1.28388458250424,2.43493723136112,0.0067530638542993,0.0431282497987076
"RAB3B","FUSIFORM GYRUS",4.21181138671683,4.00650414220296,-0.205307244513872,-1.15293185555886,0.440936985787497,0.453185235392705
"RAB3B","HIPPOCAMPUS",4.84386453793422,3.74447725781461,-1.09938728011961,-2.1426367431455,0.0709222696563641,0.616010486421672
"RAB3B","LATERAL TEMPORAL CORTEX",4.62814615290241,4.20272341297239,-0.425422739930019,-1.34296596234812,0.600264715385158,0.600264715385158
"RAB3B","OCCIPITAL LOBE",4.73008009294626,3.94462497445621,-0.785455118490052,-1.72363597893672,0.0313374386064112,0.0585359744028077
"RAB3C","FUSIFORM GYRUS",5.99292009662924,5.30755623664694,-0.685363859982303,-1.60810750876159,0.0118509710182248,0.0222808938713824
"RAB3C","HIPPOCAMPUS",5.94022426316514,5.39065499710405,-0.54956926606109,-1.46364864081691,0.135503681465321,0.616010486421672
"RAB3C","LATERAL TEMPORAL CORTEX",6.06716021758345,5.5464374539804,-0.520722763603048,-1.43467381312277,0.330833155581465,0.348973694337348
"RAB3C","OCCIPITAL LOBE",6.13788594080914,5.26232958290322,-0.87555635790592,-1.83471548585306,0.017420574628082,0.0585359744028077
"RGS4","FUSIFORM GYRUS",6.86347976317799,5.80890202103372,-1.05457774214427,-2.07711017480032,0.000335209310761155,0.00341419765402133
"RGS4","HIPPOCAMPUS",5.96446157046408,6.56906412004175,0.604602549577667,1.52055979402293,0.320944504497766,0.616853871405874
"RGS4","LATERAL TEMPORAL CORTEX",6.80381861577322,5.51087719165691,-1.29294142411631,-2.45027117659332,0.0173343451798751,0.0427580514436919
"RGS4","OCCIPITAL LOBE",6.76873851829769,5.63786747476175,-1.13087104353594,-2.18990918603312,0.0375514334032522,0.0604088276487101
"RPH3A","FUSIFORM GYRUS",6.73879221953141,5.90776915069935,-0.831023068832055,-1.77894643237242,0.000645929285895927,0.00341419765402133
"RPH3A","HIPPOCAMPUS",6.22682598318165,6.37753067936993,0.15070469618828,1.1101115827368,0.996008404513043,0.996008404513043
"RPH3A","LATERAL TEMPORAL CORTEX",6.79751590196313,5.43689491378937,-1.36062098817376,-2.56795689888436,0.000340227161178622,0.00419613498786967
"RPH3A","OCCIPITAL LOBE",6.96744627025273,5.65294392735826,-1.31450234289446,-2.48716521191203,0.00483851326659942,0.0431282497987076
"SCG2","FUSIFORM GYRUS",5.33519235086657,4.82009557228371,-0.515096778582857,-1.4290900024581,0.0291141750695648,0.0422588663366788
"SCG2","HIPPOCAMPUS",5.39479546127711,4.74834425935512,-0.646451201921994,-1.56531303754722,0.241606496624069,0.616010486421672
"SCG2","LATERAL TEMPORAL CORTEX",5.47434553938615,4.52094403733284,-0.953401502053318,-1.93643288810942,0.00560338543252495,0.0197508821855704
"SCG2","OCCIPITAL LOBE",5.61874189179679,4.56715597493267,-1.05158591686412,-2.07280717837823,0.0222582554771485,0.0585359744028077
"SERPINI1","FUSIFORM GYRUS",6.0125114769357,5.63496952518046,-0.377541951755241,-1.29912653098827,0.058271433399545,0.0770015369922559
"SERPINI1","HIPPOCAMPUS",5.73272956995389,5.95224358056508,0.219514010611187,1.16434129785695,0.99319399802378,0.996008404513043
"SERPINI1","LATERAL TEMPORAL CORTEX",6.18047711840489,5.28834005964449,-0.8921370587604,-1.85592326079132,0.01695604462897,0.0427580514436919
"SERPINI1","OCCIPITAL LOBE",6.35496412067953,5.33779759054761,-1.01716653013192,-2.02394001174662,0.0256585467303376,0.0585359744028077
"STAT4","FUSIFORM GYRUS",3.57580536154682,2.77305333007441,-0.802752031472413,-1.74442555620087,0.00236663612381368,0.00729712804842551
"STAT4","HIPPOCAMPUS",2.8464019027385,3.43914608193294,0.592744179194433,1.50811263222642,0.101479134626848,0.616010486421672
"STAT4","LATERAL TEMPORAL CORTEX",3.21369044222672,2.26413909748399,-0.94955134474273,-1.93127196952556,0.0255163387512577,0.0472052266898267
"STAT4","OCCIPITAL LOBE",3.55122691611406,2.46421957355768,-1.08700734255638,-2.12432918467767,0.0577857780394691,0.0714659269702897
"TCEA3","FUSIFORM GYRUS",2.24684823857702,2.27069875941632,0.0238505208392916,1.01666932964898,0.892307072093357,0.892307072093357
"TCEA3","HIPPOCAMPUS",1.6898072995916,2.66787961510243,0.97807231551083,1.9698316217026,0.0868811685349527,0.616010486421672
"TCEA3","LATERAL TEMPORAL CORTEX",1.89633073607063,2.45593730592019,0.559606569849558,1.47386723151915,0.0246982148498533,0.0472052266898267
"TCEA3","OCCIPITAL LOBE",1.72869228923339,2.38633843151781,0.657646142284424,1.57750671053733,0.00880876619527649,0.04656062131789
"TMPRSS5","FUSIFORM GYRUS",3.9638869748564,4.18671417222966,0.222827197373257,1.16701831073184,0.425071110102288,0.449360887822418
"TMPRSS5","HIPPOCAMPUS",3.38613040177154,4.52574534961379,1.13961494784225,2.20322211809877,0.248150823194406,0.616010486421672
"TMPRSS5","LATERAL TEMPORAL CORTEX",3.45245684259763,4.15467505809264,0.702218215495009,1.62700447095545,0.0747807337676734,0.0890932677405464
"TMPRSS5","OCCIPITAL LOBE",3.73712960934036,4.18400079695539,0.44687118761503,1.36308089788786,0.148046024281019,0.161108908776403
"TRIM36","FUSIFORM GYRUS",4.07502902914821,3.56941495878567,-0.505614070362534,-1.41972752205396,0.0126459127378116,0.0222808938713824
"TRIM36","HIPPOCAMPUS",4.16242125420897,3.48343123873813,-0.67899001547083,-1.60101854102801,0.216548131935797,0.616010486421672
"TRIM36","LATERAL TEMPORAL CORTEX",4.02076232095498,3.43655280444572,-0.584209516509255,-1.49921731094655,0.155489965646556,0.169209668497723
"TRIM36","OCCIPITAL LOBE",3.84304122833319,3.46194733681461,-0.381093891518582,-1.302328943214,0.418168866028754,0.429784667862886
