SYMBOL,K,K_used,Z,P,Dir,FDR
NDUFB5,3,3,-10.929538729951743,8.3270622914656e-28,down,6.845349297537506e-24
PPP1R2,3,3,-10.924730880023573,8.78002859941962e-28,down,6.845349297537506e-24
FAM162A,3,3,-10.610852279685998,2.653177689565769e-26,down,1.379033323779968e-22
CDC123,3,3,-10.157907899970537,3.055626708351185e-24,down,9.515836848150213e-21
OCIAD1,3,3,-10.156947413255637,3.085869908739844e-24,down,9.515836848150213e-21
DYNC2LI1,4,4,-10.140250870939695,3.661580266074602e-24,down,9.515836848150213e-21
UBLCP1,5,5,-10.112651577757719,4.8552104513768536e-24,down,1.0815328081188467e-20
TTC19,3,3,-10.080310698870536,6.751230198596042e-24,down,1.315899156083851e-20
DLD,3,3,-9.976695592234496,1.9278015728070866e-23,down,3.340023324975656e-20
C5ORF22,4,4,-9.956128243469788,2.3711783040558155e-23,down,3.697378329514233e-20
GYPC,3,3,9.915479263645686,3.565411539129845e-23,up,5.0541329208774244e-20
OPA1,3,3,-9.871898259656692,5.511162547135589e-23,down,7.161296466457104e-20
EXOC6,2,2,-9.826431308059322,8.663448117054559e-23,down,9.88192584038364e-20
GLMN,4,4,-9.817179304449951,9.496350676104751e-23,down,9.88192584038364e-20
SNX14,2,2,-9.812722065751364,9.925431659594302e-23,down,9.88192584038364e-20
NDUFA9,3,3,-9.806570851211161,1.0549265245939305e-22,down,9.88192584038364e-20
MDGA1,4,4,9.804446525499996,1.0773599646413255e-22,up,9.88192584038364e-20
TSNAX,3,3,-9.78158705685435,1.3507563228472417e-22,down,1.1701301856753913e-19
LRRC49,2,2,-9.704516639297607,2.884401931977258e-22,down,2.255129950672208e-19
GSTA4,4,4,-9.704231060085055,2.8924901567013513e-22,down,2.255129950672208e-19
SKP1,4,4,-9.649053754623914,4.961138259154054e-22,down,3.683763279761389e-19
GPCPD1,3,3,-9.643448465142718,5.239753471037884e-22,down,3.71379435790426e-19
TTC28,3,3,9.636029057584393,5.632478243887667e-22,up,3.798557849916301e-19
RFX1,3,3,9.632197452745332,5.846558609503702e-22,up,3.798557849916301e-19
TXNDC9,3,3,-9.614508779787117,6.943999832265256e-22,down,4.331111575380486e-19
TM2D2,3,3,-9.587498432017778,9.024649935582463e-22,down,5.412360247905283e-19
CREBBP,3,3,9.569825980086343,1.0708576455127751e-21,up,6.103294099019144e-19
LRP4,4,4,9.567430553351896,1.0959548180115183e-21,up,6.103294099019144e-19
MRPS30,2,2,-9.561625997808985,1.1592092438994913e-21,down,6.209986890193105e-19
CHML,4,4,-9.558499382747916,1.194764360327026e-21,down,6.209986890193105e-19
NME5,2,2,-9.535627002891356,1.4898253335999692e-21,down,7.493821428007845e-19
SEC22A,3,3,-9.513186336467768,1.849101321554868e-21,down,9.01032403343908e-19
CERS1,4,4,9.501695804979246,2.0649964584854467e-21,up,9.757421144595021e-19
BTBD10,2,2,-9.495060771659828,2.200829688928259e-21,down,9.965574820635197e-19
ORC5,2,2,-9.493368311679255,2.2368698693146403e-21,down,9.965574820635197e-19
MTCH2,4,4,-9.460585636630922,3.0622327205744583e-21,down,1.3263720781088204e-18
RAB11A,3,3,-9.453656622389044,3.2719625211164253e-21,down,1.3789111241018493e-18
EHMT1,3,3,9.449662323149212,3.3992552111712766e-21,up,1.3948575396787821e-18
ARL15,2,2,-9.43598962715534,3.873205248081056e-21,down,1.5485869085468693e-18
CD37,3,3,9.426577152431337,4.2368956477881226e-21,up,1.6514456754983567e-18
NIT2,4,4,-9.423998719503993,4.342286455167872e-21,down,1.6514456754983567e-18
ALG14,3,3,-9.404492091140675,5.228209895402814e-21,down,1.9410351642622874e-18
STX12,3,3,-9.3706825592297065,7.206496745284306e-21,down,2.6132768313771673e-18
ZWILCH,3,3,-9.352906530822075,8.527158682063725e-21,down,3.0219087574868104e-18
DENR,2,2,-9.33855945973156,9.765365152555345e-21,down,3.3838075294176777e-18
FAM104A,2,2,-9.327962708055418,1.0792537214297644e-20,down,3.658435495272677e-18
CEBPZOS,2,2,-9.292867561471935,1.5018644479079882e-20,down,4.978897185842316e-18
TMX3,3,3,-9.29070784761063,1.5326560951736752e-20,down,4.978897185842316e-18
NDUFA5,4,4,-9.287394255570097,1.581116526458368e-20,down,5.031499999401088e-18
MTX3,2,2,-9.28272155810241,1.6520380797279915e-20,down,5.152045955439715e-18
BCAP29,2,2,-9.2760409820036,1.758929613182419e-20,down,5.333737065855975e-18
TCEAL7,4,4,-9.274848854463318,1.778710494609829e-20,down,5.333737065855975e-18
PACRGL,3,3,-9.269313126236089,1.873484880295447e-20,down,5.427207941246266e-18
DNAJC19,2,2,-9.267105678330658,1.9126549151210942e-20,down,5.427207941246266e-18
CLIP2,3,3,9.267014079087053,1.914297676961102e-20,up,5.427207941246266e-18
ZNF449,4,4,-9.262759790538421,1.992151816630726e-20,down,5.42801175435335e-18
AMN1,2,2,-9.261386507542285,2.017945300099565e-20,down,5.42801175435335e-18
PLEKHH3,3,3,9.25991572569354,2.0459362915452774e-20,up,5.42801175435335e-18
RGL2,4,4,9.25950488728198,2.053823468908149e-20,up,5.42801175435335e-18
LRRC8B,3,3,-9.251364516336459,2.2164480313127004e-20,down,5.7601790253764896e-18
DHX36,4,4,-9.231223460758972,2.6755809181252524e-20,down,6.832796607887983e-18
CLN3,3,3,9.229585267516518,2.7168177367347845e-20,up,6.832796607887983e-18
VRK1,2,2,-9.224547084978706,2.847617783011814e-20,down,6.978538112968524e-18
TIPRL,4,4,-9.223921959089909,2.8642752467773074e-20,down,6.978538112968524e-18
PSMA6,3,3,-9.220576983369616,2.955057740937775e-20,down,7.009829588465912e-18
YBX1,3,3,9.220143509309317,2.967028492520684e-20,up,7.009829588465912e-18
PRKAA2,2,2,-9.215991147951684,3.084156260261359e-20,down,7.077134453120588e-18
KNTC1,2,2,-9.21591697092004,3.08628963517091e-20,down,7.077134453120588e-18
SCOC,3,3,-9.209962419126938,3.262391295670057e-20,down,7.304839815019102e-18
GPS2,3,3,9.209408017743163,3.2792842111930814e-20,up,7.304839815019102e-18
PACSIN2,3,3,9.166792805851417,4.873011994739378e-20,up,1.0548581774938363e-17
TRAPPC6B,3,3,-9.166531907882032,4.884815959719917e-20,down,1.0548581774938363e-17
PSMD14,3,3,-9.165307039667955,4.9406123431751175e-20,down,1.0548581774938363e-17
CCNH,2,2,-9.163887593848202,5.006060741008394e-20,down,1.0548581774938363e-17
RNASEH2B,2,2,-9.156942713374804,5.338839871904742e-20,down,1.1099804016348085e-17
KANK2,4,4,9.149137180008905,5.739007445505523e-20,up,1.1662203133354971e-17
TRAPPC13,4,4,-9.148762812177033,5.75892798863806e-20,down,1.1662203133354971e-17
LRRTM4,2,2,-9.146693419149768,5.87028214966073e-20,down,1.1735296097392276e-17
GCNT4,2,2,-9.138582111543586,6.327647870957801e-20,down,1.2370784341293444e-17
BCL9L,4,4,9.138254547106756,6.346839910879725e-20,up,1.2370784341293444e-17
ARL6IP6,3,3,9.12961122769367,6.874572017469666e-20,up,1.3233975489926483e-17
CIZ1,3,3,9.12021733487232,7.49738259330122e-20,up,1.4190100841510822e-17
LRRC40,4,4,-9.11941273266698,7.553250624289093e-20,down,1.4190100841510822e-17
SMIM14,4,4,-9.113271214713222,7.993466832394704e-20,down,1.4838348609229836e-17
SIPA1L3,4,4,9.106373547026106,8.518165677505484e-20,up,1.5626324401099177e-17
RWDD2B,4,4,-9.094071404162726,9.539816729642374e-20,down,1.7297018868059715e-17
CROT,4,4,-9.085852994011931,1.0288870375591588e-19,down,1.8440730547885015e-17
ASAH2B,3,3,-9.082704192701755,1.0591015440545787e-19,down,1.8482212548340394e-17
POLB,2,2,-9.082680525078208,1.0593319362817728e-19,down,1.8482212548340394e-17
HSPB11,2,2,-9.081095712289459,1.074872510995832e-19,down,1.8482212548340394e-17
PTS,2,2,-9.080717636623863,1.0786130583588636e-19,down,1.8482212548340394e-17
MNAT1,2,2,-9.076170573422326,1.124620513172743e-19,down,1.9061095284676717e-17
METTL6,3,3,-9.066525577000094,1.2287257001943295e-19,down,2.0601634239924925e-17
SLF1,2,2,-9.05977064091011,1.3072514318414113e-19,down,2.1685076145428857e-17
ARHGEF10L,4,4,9.055724145048147,1.3566458821169937e-19,up,2.2267557094579244e-17
UBE2V2,3,3,-9.049058704469523,1.4420603974514204e-19,down,2.3422966434854167e-17
USP14,3,3,-9.041494078912955,1.5454483505627752e-19,down,2.4738851556344142e-17
UBE2V1,2,2,-9.039846191447037,1.5689241586159671e-19,down,2.4738851556344142e-17
FEZ2,3,3,-9.03972459145844,1.5706703675226514e-19,down,2.4738851556344142e-17
SEH1L,4,4,-9.036155075611934,1.6227940811245624e-19,down,2.53042281069753e-17
AIG1,4,4,-9.034205677601726,1.6519779632577477e-19,down,2.5504249882255506e-17
C1D,2,2,-9.032991879822157,1.6704107509782298e-19,down,2.553599494117994e-17
MTMR9,2,2,-9.029627132208082,1.722577258937174e-19,down,2.6077812814181897e-17
BCAS2,3,3,-9.028203703063735,1.7451274661174807e-19,down,2.61651659415095e-17
CYCS,4,4,-9.02091035304544,1.8653268502702721e-19,down,2.770099197739462e-17
ATAD1,3,3,-9.018194375776424,1.912148210971847e-19,down,2.8128421748758504e-17
TBC1D32,2,2,-9.015860819099846,1.9533031466399197e-19,down,2.8465285949118006e-17
DDX10,3,3,-8.999348596911313,2.2706086980733567e-19,down,3.2782964286164675e-17
MGAT1,3,3,8.99718123801024,2.3158705534829435e-19,up,3.312969682610967e-17
DYNLT3,3,3,-8.988527636283838,2.5056447205380566e-19,down,3.5518652843045376e-17
MRPS10,2,2,-8.976923306737975,2.784438485110523e-19,down,3.911508945795349e-17
ACTR10,3,3,-8.969055523579277,2.9906778193454888e-19,down,4.163717789022697e-17
NT5DC2,4,4,8.963541580582415,3.1441395312977365e-19,up,4.338634310754478e-17
NLK,3,3,-8.959451210635052,3.2629830067858447e-19,down,4.463131054808042e-17
MAK16,4,4,-8.958096519662448,3.303312790876304e-19,down,4.479004899837757e-17
DNM1L,4,4,-8.95396186006685,3.42947360722613e-19,down,4.60998120323078e-17
SCFD1,2,2,-8.94558503642614,3.699846768976412e-19,down,4.9309154417648876e-17
LRPPRC,4,4,-8.941364283118457,3.843949747008008e-19,down,5.0795515597538865e-17
TRAPPC11,4,4,-8.933880017185412,4.11323402079864e-19,down,5.389719166917076e-17
BRMS1L,2,2,-8.928137629529832,4.332404400974279e-19,down,5.56085608515555e-17
FZD9,3,3,8.927781857926254,4.346356457512908e-19,up,5.56085608515555e-17
CHCHD7,4,4,-8.927668101513992,4.350826924831508e-19,down,5.56085608515555e-17
MSH2,3,3,-8.926713647720389,4.388515006161782e-19,down,5.56200544147711e-17
RAD51C,2,2,-8.925845729911554,4.423065957437066e-19,down,5.56200544147711e-17
NKIRAS1,2,2,-8.922731982529323,4.549247077565402e-19,down,5.65479134017127e-17
GTF2H1,4,4,-8.921221310601178,4.6117400297171605e-19,down,5.65479134017127e-17
SCRIB,2,2,8.92006269940742,4.660242996150868e-19,up,5.65479134017127e-17
GCC2,2,2,-8.91985517245534,4.668983761790947e-19,down,5.65479134017127e-17
LZTFL1,2,2,-8.919637325028003,4.678176636196331e-19,down,5.65479134017127e-17
UGGT2,2,2,-8.910610217575922,5.075244785157481e-19,down,6.020824831887047e-17
RCN2,3,3,-8.910407886629557,5.084515766074756e-19,down,6.020824831887047e-17
BRWD1,2,2,-8.909507976041777,5.125953545975735e-19,down,6.020824831887047e-17
TMEM242,3,3,-8.909302893092008,5.135443485159862e-19,down,6.020824831887047e-17
AP3S1,3,3,-8.907401019159982,5.224281052570144e-19,down,6.079269735278079e-17
TM2D1,2,2,-8.898523782917511,5.659436317156201e-19,down,6.5368585550679e-17
UBE2N,4,4,-8.897595918678224,5.70693603702879e-19,down,6.543253943043377e-17
CDK2AP1,4,4,8.896487205654008,5.764210510935169e-19,up,6.560681350146867e-17
EMP3,4,4,8.88770525158349,6.238390771100615e-19,up,7.048929514041441e-17
ACSL3,3,3,-8.882992381577173,6.508542246585481e-19,down,7.235946109153379e-17
CAPS2,2,2,-8.882427507079008,6.5416877403532e-19,down,7.235946109153379e-17
SPCS3,2,2,-8.88240319461033,6.543118074717029e-19,down,7.235946109153379e-17
ATR,4,4,-8.880962127406413,6.628452048488193e-19,down,7.278693858596928e-17
SEC61G,3,3,-8.867203920969205,7.500547831616709e-19,down,8.178744219468486e-17
CDC27,2,2,-8.865251452314954,7.633160895574225e-19,down,8.265547072547841e-17
GDAP1,4,4,-8.862518081336631,7.822711990773146e-19,down,8.412382625663839e-17
PLCB3,3,3,8.860257711246216,7.982968025045314e-19,up,8.48050687504022e-17
CDK2AP2,4,4,8.85994590610034,8.005327426502084e-19,up,8.48050687504022e-17
RPS6KA6,3,3,-8.859336298840184,8.049220916475037e-19,down,8.48050687504022e-17
CXXC1,3,3,8.849314707326407,8.805833346920048e-19,up,9.181020383886367e-17
RAB3IL1,3,3,8.84898521402833,8.831867232623325e-19,up,9.181020383886367e-17
LRP5,4,4,8.845086564293547,9.145738400710368e-19,up,9.444337674322964e-17
CCNYL1,3,3,-8.842245120914933,9.381412702688568e-19,down,9.612132906027357e-17
PRELP,4,4,8.841650133535058,9.431516286937636e-19,up,9.612132906027357e-17
ARHGEF40,4,4,8.838128522907525,9.733526869707452e-19,up,9.855511979178462e-17
DDX23,2,2,8.837297880463051,9.806142810304024e-19,up,9.864979667165848e-17
SCAI,2,2,-8.836203154965045,9.902663081695228e-19,down,9.898219579030365e-17
DNAJC10,3,3,-8.834189728908026,1.0082639912327462e-18,down,1.0013923831396314e-16
ENY2,3,3,-8.832107562780108,1.0272159159541549e-18,down,1.0137580871818441e-16
MAPK8,2,2,-8.826061671280058,1.0842625390756214e-18,down,1.0633274070318343e-16
CDH23,4,4,8.823722176581228,1.1071670548003335e-18,up,1.07900349284385e-16
REEP5,3,3,-8.818814176359338,1.1567822861046651e-18,down,1.1188153290013794e-16
HSPB2,3,3,8.817752960768257,1.1677955065580959e-18,up,1.1188153290013794e-16
THNSL1,4,4,-8.817585448334384,1.169543376048386e-18,down,1.1188153290013794e-16
ZFYVE19,3,3,8.815692168395385,1.1894788864841699e-18,up,1.1309478217651011e-16
BRI3,4,4,8.810183416866993,1.2494125898058469e-18,up,1.180732758354095e-16
ORC3,4,4,-8.808932356409507,1.2634339486094947e-18,down,1.186790696425774e-16
NDFIP1,3,3,-8.800323515068861,1.3642230070588558e-18,down,1.2737921765909424e-16
FASTKD2,4,4,-8.798937965021727,1.3811700449231929e-18,down,1.2819395541956753e-16
EFNB1,3,3,8.794293260682236,1.4395115391410204e-18,up,1.3281836349009427e-16
RPAIN,4,4,-8.791919998128668,1.4702545213439091e-18,down,1.3485693383126808e-16
SETD1A,2,2,8.789695991231865,1.4996521472425122e-18,up,1.3674898205820172e-16
FBXL7,4,4,8.787240318739533,1.532786608704545e-18,up,1.3895779993912774e-16
RAB6A,3,3,-8.785377458089712,1.5584035188980647e-18,down,1.4046350329582381e-16
ADAMTS2,4,4,8.783112326433843,1.590122342955017e-18,up,1.424987223775723e-16
UCHL5,3,3,-8.780447144552463,1.6282602030533273e-18,down,1.450826362640602e-16
SMO,4,4,8.773981823503407,1.7245708020811837e-18,up,1.527910938457494e-16
C3ORF14,2,2,-8.765886814507974,1.8531212346353336e-18,down,1.632526520433263e-16
ITGB5,4,4,8.763416842590438,1.8941964758963894e-18,up,1.6593373959917078e-16
VEZT,3,3,-8.759731451341649,1.957160853079732e-18,down,1.7049167140822492e-16
TYK2,3,3,8.758698777825524,1.9751716257448283e-18,up,1.7110472866799505e-16
FARSB,4,4,-8.749899358885315,2.1354310549480464e-18,down,1.8396561568952974e-16
KRAS,2,2,-8.74346254415463,2.2607285214331954e-18,down,1.936897793115814e-16
GUF1,3,3,-8.741109824369794,2.308314867273522e-18,down,1.9668608593112584e-16
PSMD12,3,3,-8.73812453386351,2.370121529259943e-18,down,2.0085491850951245e-16
BTF3L4,3,3,-8.733282421756055,2.473863553312605e-18,down,2.0851326695569432e-16
KLHL21,4,4,8.726632304133494,2.6236837177266673e-18,up,2.1950181779284041e-16
IFT140,3,3,8.726020089231437,2.637918453210154e-18,up,2.1950181779284041e-16
ABCA5,3,3,-8.725654044457668,2.646465833710896e-18,down,2.1950181779284041e-16
SUN2,2,2,8.720207281200912,2.7769295302053605e-18,up,2.291040326163608e-16
MTMR6,4,4,-8.715967623254638,2.8828570066936567e-18,down,2.3659152265986413e-16
TBC1D31,3,2,-8.708761578962017,3.0721269126910404e-18,down,2.5080458088791306e-16
NDUFS1,3,3,-8.707248999981973,3.1133865831913836e-18,down,2.528491509984544e-16
GAREM2,4,4,8.691561866014995,3.574903804470443e-18,up,2.8882629545651615e-16
LMBRD2,4,4,-8.690119046427345,3.62059895213667e-18,down,2.9101030649828397e-16
TRPC1,3,3,-8.684199155170777,3.814200179515933e-18,down,3.049990943548305e-16
TRMT10C,3,3,-8.681603224066318,3.902286736629534e-18,down,3.1045080145032817e-16
CEP83,2,2,-8.678531342596408,4.009120686728777e-18,down,3.1733106024447626e-16
BCL6,4,4,8.677474830661328,4.0465273124210876e-18,up,3.186742443564748e-16
COPS8,3,3,-8.667513515858559,4.4165922913640814e-18,down,3.460699678353775e-16
GLOD4,3,3,-8.666560536749861,4.4536996546423044e-18,down,3.472326935741873e-16
