Specification,Gene,Datasets contributing (k),Pooled log2FC,SE,95% CI,Z,Pooled P (raw),Pooled P (FDR),Direction,Direction matches primary,I2 (%),Max raw LOO P
Primary analysis,CHML,4,-0.7544407569081075,0.0678200956191379,"[-0.887, -0.622]",-11.124147644156588,9.571632769089795e-29,3.024635955032376e-26,down,TRUE,0,1.993715157269153e-11
Primary analysis,HSPB1,4,0.9528414575370784,0.09960863707008508,"[0.758, 1.148]",9.56585177314147,1.1128131659095339e-21,5.860816007123545e-20,up,TRUE,0,2.981812193815676e-7
Primary analysis,PRELP,4,0.761820511754901,0.08226875948085077,"[0.601, 0.923]",9.260143419717243,2.0415779818657568e-20,6.451386422695792e-19,up,TRUE,0,7.178371178820047e-12
Primary analysis,KANK2,3,0.8449067717408068,0.09650162192372788,"[0.656, 1.034]",8.755363432218756,2.03446839481155e-18,3.38364217242342e-17,up,TRUE,0,6.543366166329028e-9
Primary analysis,AEBP1,4,0.8602947395046119,0.10331161229191638,"[0.658, 1.063]",8.327183367091113,8.27884601269365e-17,9.021087379348945e-16,up,TRUE,0,3.0756840860677184e-10
Primary analysis,TCEA3,4,0.6740826553401851,0.08237218611061159,"[0.513, 0.836]",8.183377025286287,2.759979181089778e-16,2.6428891552253634e-15,up,TRUE,0,1.612689975461709e-6
Primary analysis,NEUROD6,5,-1.219348122806311,0.15183445666368273,"[-1.517, -0.922]",-8.030773446288274,9.686007202531394e-16,9.002289047058591e-15,down,TRUE,0,1.1477379920119929e-7
Primary analysis,KLF15,4,0.7121044720473425,0.0895524766149997,"[0.537, 0.888]",7.951812154886487,1.838028083819011e-15,1.6133802069077987e-14,up,TRUE,0,5.413937853513137e-9
Primary analysis,NRN1,4,-0.8503450884242201,0.10710273129415472,"[-1.060, -0.640]",-7.939527574593505,2.029527688436286e-15,1.733326350123963e-14,down,TRUE,0,7.953337901794241e-7
Primary analysis,ELOVL4,4,-0.7198293304259896,0.0914834924869776,"[-0.899, -0.541]",-7.868406756863323,3.591861127133362e-15,2.9869160951951116e-14,down,TRUE,0,4.586018912330035e-9
Primary analysis,MAS1,4,-1.4811856625824589,0.18881139392868793,"[-1.851, -1.111]",-7.84478961657307,4.336799207672449e-15,3.4260713740612344e-14,down,TRUE,0,5.114109076767015e-7
Primary analysis,CCDC102A,4,0.8439793924956507,0.10782319570476225,"[0.633, 1.055]",7.827438122003042,4.979115620608477e-15,3.8375622832006796e-14,up,TRUE,0,1.2247061695901605e-7
Primary analysis,NAP1L5,4,-0.8773199621915397,0.1126005778945539,"[-1.098, -0.657]",-7.791433921530279,6.6252959411411375e-15,4.8688221334897673e-14,down,TRUE,0,4.505147352694848e-9
Primary analysis,PIK3R5,4,0.7938203577405716,0.10248268291634911,"[0.593, 0.995]",7.745897503371595,9.490904819139948e-15,6.816195279200509e-14,up,TRUE,0,4.97699233103111e-9
Primary analysis,RAB3C,4,-0.8390488909236082,0.10953970938124603,"[-1.054, -0.624]",-7.659769189302407,1.8626753673561414e-14,1.2262612835094598e-13,down,TRUE,0,2.8424567207877787e-9
Primary analysis,GFAP,4,0.8272491440489974,0.11070366927640612,"[0.610, 1.044]",7.472644307602061,7.859909680856646e-14,4.599502702130926e-13,up,TRUE,0,2.0689168729755913e-8
Primary analysis,ITFG1,4,-0.6324748409528936,0.0856747558052059,"[-0.800, -0.465]",-7.382277720066315,1.5560418302071718e-13,7.930793844281712e-13,down,TRUE,0,1.8175358223603265e-8
Primary analysis,HPRT1,4,-0.7788385932641633,0.10569949944501544,"[-0.986, -0.572]",-7.368422720576011,1.7265857061595694e-13,8.66033465311784e-13,down,TRUE,0,3.456255697803546e-8
Primary analysis,ADAM33,4,0.8419531791290962,0.11436851660756672,"[0.618, 1.066]",7.361756575177891,1.8150573834891757e-13,8.961845830977806e-13,up,TRUE,0,2.5343786485675133e-8
Primary analysis,COL25A1,4,-0.8530639470218865,0.11672679410724668,"[-1.082, -0.624]",-7.308210197549889,2.707240703273485e-13,1.258070679756502e-12,down,TRUE,0,2.9843910375612844e-6
Primary analysis,HSPB7,3,0.8787884982191716,0.12284037545513884,"[0.638, 1.120]",7.153905993555873,8.434283688521239e-13,3.6016670886117722e-12,up,TRUE,0,1.0778377225357809e-6
Primary analysis,SCG2,4,-0.7751175441723156,0.11041359766778253,"[-0.992, -0.559]",-7.02012759791167,2.2166571708737137e-12,8.75579582495117e-12,down,TRUE,0,6.4233515203708944e-09
Primary analysis,STAT4,3,-1.0518699015540829,0.15470571491501847,"[-1.355, -0.749]",-6.799166418201722,1.0522621038565909e-11,3.5842836033560525e-11,down,TRUE,0,7.236932633408088e-5
Primary analysis,NUPR1,4,0.7691780000933973,0.11353918952859736,"[0.547, 0.992]",6.774559544479247,1.2478583366991169e-11,4.1507708883886405e-11,up,TRUE,0,7.830552370776694e-8
Primary analysis,RGS4,4,-1.192690383497791,0.17619727708445132,"[-1.538, -0.847]",-6.769062514661534,1.2961953095210171e-11,4.2226568846251697e-11,down,TRUE,0,2.3186381939012906e-5
Primary analysis,PRX,4,0.7713616917615478,0.1143024907540412,"[0.547, 0.995]",6.74842417407493,1.4945947234042476e-11,4.770625581775175e-11,up,TRUE,0,6.294670858474073e-7
Primary analysis,RPH3A,4,-1.037486211588476,0.1553217086704486,"[-1.342, -0.733]",-6.679595662894401,2.3960239465783903e-11,7.252737763171239e-11,down,TRUE,22.5949279434785,2.7547759571513264e-5
Primary analysis,OPN3,4,-0.6883535460743788,0.10381511390758329,"[-0.892, -0.485]",-6.630571601425536,3.3438941879262895e-11,9.783986698006549e-11,down,TRUE,0,2.1656681188247293e-5
Primary analysis,SERPINI1,4,-0.7576301223018119,0.11449733488726212,"[-0.982, -0.533]",-6.617010981502754,3.6653427757013536e-11,1.0529530155651164e-10,down,TRUE,0,2.6528773802515955e-8
Primary analysis,NCALD,4,-0.7806865845731779,0.1200981704290533,"[-1.016, -0.545]",-6.500403642987718,8.010478458836263e-11,2.163513840164324e-10,down,TRUE,0,1.9704395015950806e-5
Primary analysis,TMPRSS5,4,0.7976140917403818,0.12676878267781377,"[0.549, 1.046]",6.291880973311381,3.1364194654910455e-10,7.39633247085948e-10,up,TRUE,0,1.1752774323003418e-5
Primary analysis,CLDN9,4,0.8947674507140793,0.14323851312202351,"[0.614, 1.176]",6.246696026171644,4.192257942883618e-10,9.599663115588575e-10,up,TRUE,20.873847318440315,2.2189135268875725e-5
Primary analysis,MRGPRF,3,1.0697407089422342,0.172998755119848,"[0.731, 1.409]",6.183516801616012,6.26890580279167e-10,1.3852966669106066e-9,up,TRUE,27.22727415914811,0.00112726399115941
Primary analysis,GAD2,4,-0.9495209095328488,0.15836388029470214,"[-1.260, -0.639]",-5.995817403348974,2.0246441953036815e-9,4.049288390607363e-9,down,TRUE,0,4.3007817154762947e-5
Primary analysis,GAD1,4,-0.7980049119142455,0.13380470017455395,"[-1.060, -0.536]",-5.963952767527703,2.4620793557226663e-9,4.862606727552266e-9,down,TRUE,0,9.97021131331356e-6
Primary analysis,RAB3B,4,-0.7577744509557559,0.129875844068046,"[-1.012, -0.503]",-5.834606553615423,5.391764302039812e-9,1.0022338349674005e-8,down,TRUE,0,3.123010539618326e-6
Primary analysis,TRIM36,3,-0.6562236840348249,0.1143528079864708,"[-0.880, -0.432]",-5.7385882829607775,9.546899387981336e-9,1.7044181958203972e-8,down,TRUE,0,1.0737560355064964e-4
Sensitivity analysis 1 (no screening),HSPB1,5,0.9478849603339072,0.09880446866403986,"[0.754, 1.142]",9.59354342116808,8.511071339100556e-22,1.5969961483904804e-18,up,TRUE,0,2.2221552609662458e-7
Sensitivity analysis 1 (no screening),PRELP,5,0.7460875849938005,0.08008659030258079,"[0.589, 0.903]",9.316011359391808,1.2079615163991451e-20,1.648428211151597e-17,up,TRUE,0,4.774871668190365e-12
Sensitivity analysis 1 (no screening),ITFG1,5,-0.563235729103531,0.06856630425810285,"[-0.698, -0.429]",-8.214468246434187,2.1310647725547996e-16,8.645787378600027e-14,down,TRUE,0,4.2088222923599474e-11
Sensitivity analysis 1 (no screening),CCDC102A,4,0.8208748369547133,0.10074993544700196,"[0.623, 1.018]",8.147646281982212,3.7107587952156997e-16,1.3585902506093384e-13,up,TRUE,0,4.3164732291149803e-7
Sensitivity analysis 1 (no screening),PIK3R5,5,0.7263014374178897,0.08931757450451969,"[0.551, 0.901]",8.131674437499834,4.234006875425598e-16,1.513254219214611e-13,up,TRUE,0,5.860610145503283e-9
Sensitivity analysis 1 (no screening),AEBP1,5,0.759721958988391,0.0934834750832107,"[0.576, 0.943]",8.126804853073272,4.4075410297726796e-16,1.538641823207388e-13,up,TRUE,0,5.452439520120745e-9
Sensitivity analysis 1 (no screening),GFAP,5,0.7256885168137877,0.08967680874343745,"[0.550, 0.901]",8.092265179618064,5.856523302983782e-16,1.9111363326323817e-13,up,TRUE,0,2.184813107051477e-9
Sensitivity analysis 1 (no screening),RAB3C,5,-0.8108538229301117,0.1007638084078699,"[-1.008, -0.613]",-8.047074001490222,8.479691316740732e-16,2.651846799074899e-13,down,TRUE,0,1.7414600168920048e-10
Sensitivity analysis 1 (no screening),ELOVL4,5,-0.6768845141303987,0.08467916076713063,"[-0.843, -0.511]",-7.993519397196727,1.3114023730015336e-15,3.785665580985773e-13,down,TRUE,0,4.3992903273774094e-9
Sensitivity analysis 1 (no screening),NUPR1,5,0.6561745727069911,0.08411983903462993,"[0.491, 0.821]",7.800473470198407,6.1675333040410564e-15,1.2682307181775385e-12,up,TRUE,0,1.2441331315051408e-8
Sensitivity analysis 1 (no screening),SCG2,5,-0.7422819602690732,0.09828881637753496,"[-0.935, -0.550]",-7.552049028832648,4.284631200355226e-14,7.067758126212339e-12,down,TRUE,0,1.4550953184983447e-10
Sensitivity analysis 1 (no screening),HSPB7,4,0.8037165950358872,0.11211588251799598,"[0.584, 1.023]",7.168623900426247,7.575535493037888e-13,8.815221960154399e-11,up,TRUE,0,2.2055769003995744e-5
Sensitivity analysis 1 (no screening),KANK2,5,0.6954305934719907,0.10146105220918848,"[0.497, 0.894]",6.85416303428609,7.1731238306768305e-12,6.188262173694821e-10,up,TRUE,41.91443365058019,3.397218396559041e-7
Sensitivity analysis 1 (no screening),TMPRSS5,5,0.7025058836481183,0.10484457752365849,"[0.497, 0.908]",6.700450326003707,2.0777822325349148e-11,1.517839195810223e-9,up,TRUE,0,2.653870545308999e-6
Sensitivity analysis 1 (no screening),RAB3B,5,-0.6965456546429251,0.10695679767862304,"[-0.906, -0.487]",-6.512401920781707,7.395850507888416e-11,4.440764478956521e-9,down,TRUE,0,2.020977861790777e-6
Sensitivity analysis 1 (no screening),CLDN9,4,0.86289568145222,0.1328887654289058,"[0.602, 1.123]",6.493368184038558,8.393821132745952e-11,4.941162706809784e-9,up,TRUE,17.85273464454088,2.2189135268875725e-5
Sensitivity analysis 1 (no screening),TRIM36,5,-0.5472727350785718,0.08583595684271336,"[-0.716, -0.379]",-6.375798152764809,1.820125175425117e-10,9.453944293531638e-9,down,TRUE,0,1.147094113035656e-6
Sensitivity analysis 1 (no screening),PRX,5,0.6748811389141656,0.107167960781987,"[0.465, 0.885]",6.297415141518685,3.0264994403921726e-10,1.4895338721221936e-8,up,TRUE,16.799253313788213,2.021454087365627e-5
Sensitivity analysis 1 (no screening),HPRT1,5,-0.6278142577936364,0.10119756166570996,"[-0.826, -0.429]",-6.203847676365177,5.509911883957284e-10,2.5370947021497788e-8,down,TRUE,26.02374546824534,1.5391358131234756e-5
Sensitivity analysis 1 (no screening),KLF15,5,0.6282191186229603,0.10258958906088976,"[0.427, 0.829]",6.123614729074456,9.147593257587803e-10,3.9540027677455655e-8,up,TRUE,37.4775638250279,1.8028774776207015e-4
Sensitivity analysis 1 (no screening),GAD2,5,-0.765595090085222,0.13169222473535097,"[-1.024, -0.507]",-5.813517780747981,6.117347080466102e-9,2.0315817925857665e-7,down,TRUE,3.2495184488193942,2.5426395060330688e-5
Sensitivity analysis 1 (no screening),GAD1,5,-0.6058691078853179,0.10614977527388823,"[-0.814, -0.398]",-5.7076814936447215,1.1452547349222568e-8,3.530065467334291e-7,down,TRUE,6.738769629899633,5.452394244207583e-6
Sensitivity analysis 1 (no screening),CHML,5,-0.6214099693260506,0.11152465838239556,"[-0.840, -0.403]",-5.571951336496016,2.519017921450157e-8,7.094367358140395e-7,down,TRUE,51.883267883782,0.00140646769684476
Sensitivity analysis 1 (no screening),SERPINI1,5,-0.574607673475597,0.12002852275625524,"[-0.810, -0.339]",-4.787259397022376,1.6907424608806333e-6,2.9273050842305866e-5,down,TRUE,43.866173537904565,4.027596851756039e-4
Sensitivity analysis 1 (no screening),NEUROD6,5,-1.036559529951656,0.23291766950613255,"[-1.493, -0.580]",-4.450325869005676,8.574008968867906e-6,1.18840672790098e-4,down,TRUE,61.93523820036755,4.2798305498078e-4
Sensitivity analysis 1 (no screening),COL25A1,5,-0.7187631436886521,0.16997438266085205,"[-1.052, -0.386]",-4.22865570938882,2.3509178440428132e-5,2.887858245247682e-4,down,TRUE,58.29674171444876,0.0023999510359084
Sensitivity analysis 1 (no screening),MRGPRF,4,0.8877142342413,0.22815031957390905,"[0.441, 1.335]",3.890918215232769,9.986559171390934e-5,0.00101909068471617,up,TRUE,73.06909183237916,0.00882528899301787
Sensitivity analysis 1 (no screening),NAP1L5,5,-0.6780048160752851,0.1761127830396773,"[-1.023, -0.333]",-3.849833069315213,1.1819835356224088e-4,0.00116653729409216,down,TRUE,71.9355721825282,0.0052160422623053
Sensitivity analysis 1 (no screening),RPH3A,5,-0.8194092759555138,0.2133547770853707,"[-1.238, -0.401]",-3.8405949337034975,1.2273649557485543e-4,0.00120260935709801,down,TRUE,77.2816985354114,0.00262701452613663
Sensitivity analysis 1 (no screening),TCEA3,5,0.526767325368673,0.14336146535436625,"[0.246, 0.808]",3.6743997005512585,2.3840927268211623e-4,0.00210144544464547,up,TRUE,75.20132860020219,0.00539498159301221
Sensitivity analysis 1 (no screening),ADAM33,5,0.7144998934826488,0.19870791311081543,"[0.325, 1.104]",3.5957294417569896,3.2348387137487493e-4,0.00270380315379406,up,TRUE,76.90945518920793,0.00796839534254343
Sensitivity analysis 1 (no screening),MAS1,5,-1.1880540359350722,0.35130371564940915,"[-1.877, -0.500]",-3.381843069148507,7.200126432522237e-4,0.00520621858760073,down,TRUE,81.21828905960315,0.0074058678043234
Sensitivity analysis 1 (no screening),NRN1,5,-0.6664276338106464,0.20108066268892244,"[-1.061, -0.272]",-3.314230343678691,9.189576986895532e-4,0.00643398974581571,down,TRUE,80.54001610810478,0.00717556111272623
Sensitivity analysis 1 (no screening),STAT4,5,-0.7327128917620804,0.23596517660263483,"[-1.195, -0.270]",-3.105173832476003,0.00190167227162022,0.01177640365894853,down,TRUE,75.34697472306603,0.01830050565620207
Sensitivity analysis 1 (no screening),RGS4,5,-0.8054123658694236,0.261100652857786,"[-1.317, -0.294]",-3.0846815473422367,0.00203770204686711,0.0124493062374938,down,TRUE,73.38338616296086,0.01516415254226145
Sensitivity analysis 1 (no screening),NCALD,5,-0.4978246429361609,0.17103933046904168,"[-0.833, -0.163]",-2.9105857791361487,0.00360751926653464,0.02006390207852965,down,TRUE,70.647619615325155,0.0219249113603722
Sensitivity analysis 1 (no screening),OPN3,5,-0.4459851391554298,0.16624987423715382,"[-0.772, -0.120]",-2.682619407694928,0.00730480690537137,0.03579903899984645,down,TRUE,68.41756368425403,0.04990223375126097
Sensitivity analysis 2 (FDR),PRELP,3,0.749016939299215,0.08435647444970715,"[0.584, 0.914]",8.879187331919313,6.735059906933256e-19,1.0439342855746547e-17,up,TRUE,0,2.6838183529377166e-10
Sensitivity analysis 2 (FDR),PIK3R5,3,0.8135479091396774,0.1103496018987004,"[0.597, 1.030]",7.372458940871437,1.675091942021313e-13,1.2981962550665177e-12,up,TRUE,0,8.956241170768778e-8
Sensitivity analysis 2 (FDR),CCDC102A,3,0.8149176307338035,0.11724594336228976,"[0.585, 1.045]",6.950497453167395,3.640003718638518e-12,1.2648502106826532e-11,up,TRUE,0,9.1922479951312e-8
Sensitivity analysis 2 (FDR),GFAP,3,0.8207201794898752,0.11810185721539904,"[0.589, 1.052]",6.949257182238988,3.672145772949638e-12,1.2648502106826532e-11,up,TRUE,0,2.6421915000362208e-6
Sensitivity analysis 2 (FDR),ITFG1,3,-0.6284251938428572,0.0907498342195864,"[-0.806, -0.451]",-6.924808174550089,4.365666788118198e-12,1.3533567043166414e-11,down,TRUE,0,5.394321874064649e-7
Sensitivity analysis 2 (FDR),KLF15,3,0.7247564429648661,0.10708905065050256,"[0.515, 0.935]",6.767792211831182,1.3076236756143275e-11,3.685121267640378e-11,up,TRUE,16.54467949023585,6.610240886539665e-6
Sensitivity analysis 2 (FDR),NUPR1,3,0.7694155674654781,0.12814483670003524,"[0.518, 1.021]",6.004265074421578,1.922004791569759e-9,4.2558677527616105e-9,up,TRUE,0,1.689302864735766e-6
Sensitivity analysis 2 (FDR),CLDN9,3,1.00702053694877,0.22714950619843732,"[0.562, 1.452]",4.433293973657327,9.280418873055796e-6,1.5982943614707206e-5,up,TRUE,52.082162414286834,0.00258818948691426
Sensitivity analysis 3a,MAS1,4,-1.4811856625824589,0.18881139392868793,"[-1.851, -1.111]",-7.84478961657307,4.336799207672449e-15,2.7466394981925503e-14,down,TRUE,0,5.114109076767015e-7
Sensitivity analysis 3a,NEUROD6,4,-1.2848436144124895,0.1646991492746188,"[-1.608, -0.962]",-7.801155136934835,6.134304406510351e-15,2.9137945930924165e-14,down,TRUE,0,9.724585063187964e-7
Sensitivity analysis 3a,RPH3A,3,-1.1538309281914194,0.1502966154211667,"[-1.448, -0.859]",-7.6770253605386385,1.6282520613600762e-14,6.187357833168291e-14,down,TRUE,0,9.089754966966629e-9
Sensitivity analysis 3a,RGS4,3,-1.258877588332501,0.1941123363548813,"[-1.639, -0.878]",-6.4853043962697345,8.855281744777415e-11,2.1031294143846358e-10,down,TRUE,0,2.0580903439429876e-4
Sensitivity analysis 3a,HSPB1,3,1.1845531461914476,0.18943190883461897,"[0.813, 1.556]",6.253186981426694,4.0216016240537197e-10,6.946402805183697e-10,up,TRUE,0,2.0345289563651947e-4
Sensitivity analysis 3b,CHML,4,-0.7544407569081075,0.0678200956191379,"[-0.887, -0.622]",-11.124147644156588,9.571632769089795e-29,8.404890223570848e-26,down,TRUE,0,1.993715157269153e-11
Sensitivity analysis 3b,HSPB1,4,0.9528414575370784,0.09960863707008508,"[0.758, 1.148]",9.56585177314147,1.1128131659095339e-21,1.153987253048187e-19,up,TRUE,0,2.981812193815676e-7
Sensitivity analysis 3b,PRELP,4,0.761820511754901,0.08226875948085077,"[0.601, 0.923]",9.260143419717243,2.0415779818657568e-20,1.2831008286029027e-18,up,TRUE,0,7.178371178820047e-12
Sensitivity analysis 3b,AEBP1,4,0.8602947395046119,0.10331161229191638,"[0.658, 1.063]",8.327183367091113,8.27884601269365e-17,2.1462908287908287e-15,up,TRUE,0,3.0756840860677184e-10
Sensitivity analysis 3b,KANK2,4,0.7487412220850901,0.08993497981349255,"[0.572, 0.925]",8.325361540502172,8.407175080613771e-17,2.152651989776909e-15,up,TRUE,16.582592462253047,2.083104786628493e-7
Sensitivity analysis 3b,ITFG1,5,-0.5867112124597093,0.07122966835518113,"[-0.726, -0.447]",-8.236893783277496,1.7673926010600126e-16,4.118620510784793e-15,down,TRUE,0,4.2088222923599474e-11
Sensitivity analysis 3b,TCEA3,4,0.6740826553401851,0.08237218611061159,"[0.513, 0.836]",8.183377025286287,2.759979181089778e-16,6.2219530669349996e-15,up,TRUE,0,1.612689975461709e-6
Sensitivity analysis 3b,KLF15,4,0.6740632436830439,0.08293105059671813,"[0.512, 0.837]",8.127995953661763,4.364457832505637e-16,9.528300573280727e-15,up,TRUE,6.185435565947503,7.11289934933816e-7
Sensitivity analysis 3b,NEUROD6,5,-1.219348122806311,0.15183445666368273,"[-1.517, -0.922]",-8.030773446288274,9.686007202531394e-16,1.843007242022946e-14,down,TRUE,0,1.1477379920119929e-7
Sensitivity analysis 3b,NRN1,4,-0.8503450884242201,0.10710273129415472,"[-1.060, -0.640]",-7.939527574593505,2.029527688436286e-15,3.660209065927702e-14,down,TRUE,0,7.953337901794241e-7
Sensitivity analysis 3b,ELOVL4,4,-0.7198293304259896,0.0914834924869776,"[-0.899, -0.541]",-7.868406756863323,3.591861127133362e-15,5.959615982139674e-14,down,TRUE,0,4.586018912330035e-9
Sensitivity analysis 3b,MAS1,4,-1.4811856625824589,0.18881139392868793,"[-1.851, -1.111]",-7.84478961657307,4.336799207672449e-15,7.026969966181764e-14,down,TRUE,0,5.114109076767015e-7
Sensitivity analysis 3b,CCDC102A,4,0.8439793924956507,0.10782319570476225,"[0.633, 1.055]",7.827438122003042,4.979115620608477e-15,7.943604459339987e-14,up,TRUE,0,1.2247061695901605e-7
Sensitivity analysis 3b,NAP1L5,4,-0.8773199621915397,0.1126005778945539,"[-1.098, -0.657]",-7.791433921530279,6.6252959411411375e-15,1.0178417616242016e-13,down,TRUE,0,4.505147352694848e-9
Sensitivity analysis 3b,PIK3R5,4,0.7938203577405716,0.10248268291634911,"[0.593, 0.995]",7.745897503371595,9.490904819139948e-15,1.4060097567783037e-13,up,TRUE,0,4.97699233103111e-9
Sensitivity analysis 3b,RAB3C,4,-0.8390488909236082,0.10953970938124603,"[-1.054, -0.624]",-7.659769189302407,1.8626753673561414e-14,2.4450561467700243e-13,down,TRUE,0,2.8424567207877787e-9
Sensitivity analysis 3b,GFAP,4,0.8272491440489974,0.11070366927640612,"[0.610, 1.044]",7.472644307602061,7.859909680856646e-14,9.006327446462257e-13,up,TRUE,0,2.0689168729755913e-8
Sensitivity analysis 3b,NUPR1,4,0.6884396808122335,0.0926517668596153,"[0.507, 0.870]",7.430399917309164,1.0826983062874383e-13,1.1881038556826173e-12,up,TRUE,0,3.249680264469975e-6
Sensitivity analysis 3b,HPRT1,4,-0.7788385932641633,0.10569949944501544,"[-0.986, -0.572]",-7.368422720576011,1.7265857061595694e-13,1.7904693772874737e-12,down,TRUE,0,3.456255697803546e-8
Sensitivity analysis 3b,ADAM33,4,0.8419531791290962,0.11436851660756672,"[0.618, 1.066]",7.361756575177891,1.8150573834891757e-13,1.8635787194834405e-12,up,TRUE,0,2.5343786485675133e-8
Sensitivity analysis 3b,COL25A1,4,-0.8530639470218865,0.11672679410724668,"[-1.082, -0.624]",-7.308210197549889,2.707240703273485e-13,2.623746363826733e-12,down,TRUE,0,2.9843910375612844e-6
Sensitivity analysis 3b,HSPB7,3,0.8787884982191716,0.12284037545513884,"[0.638, 1.120]",7.153905993555873,8.434283688521239e-13,7.412162868641122e-12,up,TRUE,0,1.0778377225357809e-6
Sensitivity analysis 3b,SCG2,4,-0.7751175441723156,0.11041359766778253,"[-0.992, -0.559]",-7.02012759791167,2.2166571708737137e-12,1.7682103739969548e-11,down,TRUE,0,6.4233515203708944e-09
Sensitivity analysis 3b,STAT4,3,-1.0518699015540829,0.15470571491501847,"[-1.355, -0.749]",-6.799166418201722,1.0522621038565909e-11,6.836865011694244e-11,down,TRUE,0,7.236932633408088e-5
Sensitivity analysis 3b,RGS4,4,-1.192690383497791,0.17619727708445132,"[-1.538, -0.847]",-6.769062514661534,1.2961953095210171e-11,8.171152194366535e-11,down,TRUE,0,2.3186381939012906e-5
Sensitivity analysis 3b,PRX,4,0.7713616917615478,0.1143024907540412,"[0.547, 0.995]",6.74842417407493,1.4945947234042476e-11,9.336715229940992e-11,up,TRUE,0,6.294670858474073e-7
Sensitivity analysis 3b,RPH3A,4,-1.037486211588476,0.1553217086704486,"[-1.342, -0.733]",-6.679595662894401,2.3960239465783903e-11,1.3998179338601638e-10,down,TRUE,22.5949279434785,2.7547759571513264e-5
Sensitivity analysis 3b,OPN3,4,-0.6883535460743788,0.10381511390758329,"[-0.892, -0.485]",-6.630571601425536,3.3438941879262895e-11,1.88457514830411e-10,down,TRUE,0,2.1656681188247293e-5
Sensitivity analysis 3b,SERPINI1,4,-0.7576301223018119,0.11449733488726212,"[-0.982, -0.533]",-6.617010981502754,3.6653427757013536e-11,2.0399543840233058e-10,down,TRUE,0,2.6528773802515955e-8
Sensitivity analysis 3b,NCALD,4,-0.7806865845731779,0.1200981704290533,"[-1.016, -0.545]",-6.500403642987718,8.010478458836263e-11,4.1534330809066014e-10,down,TRUE,0,1.9704395015950806e-5
Sensitivity analysis 3b,TMPRSS5,4,0.7976140917403818,0.12676878267781377,"[0.549, 1.046]",6.291880973311381,3.1364194654910455e-10,1.3959085775597482e-9,up,TRUE,0,1.1752774323003418e-5
Sensitivity analysis 3b,CLDN9,4,0.8947674507140793,0.14323851312202351,"[0.614, 1.176]",6.246696026171644,4.192257942883618e-10,1.8114047861542967e-9,up,TRUE,20.873847318440315,2.2189135268875725e-5
Sensitivity analysis 3b,MRGPRF,3,1.0697407089422342,0.172998755119848,"[0.731, 1.409]",6.183516801616012,6.26890580279167e-10,2.6372638204847718e-9,up,TRUE,27.22727415914811,0.00112726399115941
Sensitivity analysis 3b,GAD2,4,-0.9495209095328488,0.15836388029470214,"[-1.260, -0.639]",-5.995817403348974,2.0246441953036815e-9,7.552359822050064e-9,down,TRUE,0,4.3007817154762947e-5
Sensitivity analysis 3b,GAD1,4,-0.7980049119142455,0.13380470017455395,"[-1.060, -0.536]",-5.963952767527703,2.4620793557226663e-9,9.021824352948426e-9,down,TRUE,0,9.97021131331356e-6
Sensitivity analysis 3b,RAB3B,4,-0.7577744509557559,0.129875844068046,"[-1.012, -0.503]",-5.834606553615423,5.391764302039812e-9,1.854480789789481e-8,down,TRUE,0,3.123010539618326e-6
Sensitivity analysis 3b,TRIM36,3,-0.6562236840348249,0.1143528079864708,"[-0.880, -0.432]",-5.7385882829607775,9.546899387981336e-9,3.1379190698372895e-8,down,TRUE,0,1.0737560355064964e-4
Harness control (re-run of primary at 0.58),CHML,4,-0.7544407569081075,0.0678200956191379,"[-0.887, -0.622]",-11.124147644156588,9.571632769089795e-29,3.024635955032376e-26,down,TRUE,0,1.993715157269153e-11
Harness control (re-run of primary at 0.58),HSPB1,4,0.9528414575370784,0.09960863707008508,"[0.758, 1.148]",9.56585177314147,1.1128131659095339e-21,5.860816007123545e-20,up,TRUE,0,2.981812193815676e-7
Harness control (re-run of primary at 0.58),PRELP,4,0.761820511754901,0.08226875948085077,"[0.601, 0.923]",9.260143419717243,2.0415779818657568e-20,6.451386422695792e-19,up,TRUE,0,7.178371178820047e-12
Harness control (re-run of primary at 0.58),KANK2,3,0.8449067717408068,0.09650162192372788,"[0.656, 1.034]",8.755363432218756,2.03446839481155e-18,3.38364217242342e-17,up,TRUE,0,6.543366166329028e-9
Harness control (re-run of primary at 0.58),AEBP1,4,0.8602947395046119,0.10331161229191638,"[0.658, 1.063]",8.327183367091113,8.27884601269365e-17,9.021087379348945e-16,up,TRUE,0,3.0756840860677184e-10
Harness control (re-run of primary at 0.58),TCEA3,4,0.6740826553401851,0.08237218611061159,"[0.513, 0.836]",8.183377025286287,2.759979181089778e-16,2.6428891552253634e-15,up,TRUE,0,1.612689975461709e-6
Harness control (re-run of primary at 0.58),NEUROD6,5,-1.219348122806311,0.15183445666368273,"[-1.517, -0.922]",-8.030773446288274,9.686007202531394e-16,9.002289047058591e-15,down,TRUE,0,1.1477379920119929e-7
Harness control (re-run of primary at 0.58),KLF15,4,0.7121044720473425,0.0895524766149997,"[0.537, 0.888]",7.951812154886487,1.838028083819011e-15,1.6133802069077987e-14,up,TRUE,0,5.413937853513137e-9
Harness control (re-run of primary at 0.58),NRN1,4,-0.8503450884242201,0.10710273129415472,"[-1.060, -0.640]",-7.939527574593505,2.029527688436286e-15,1.733326350123963e-14,down,TRUE,0,7.953337901794241e-7
Harness control (re-run of primary at 0.58),ELOVL4,4,-0.7198293304259896,0.0914834924869776,"[-0.899, -0.541]",-7.868406756863323,3.591861127133362e-15,2.9869160951951116e-14,down,TRUE,0,4.586018912330035e-9
Harness control (re-run of primary at 0.58),MAS1,4,-1.4811856625824589,0.18881139392868793,"[-1.851, -1.111]",-7.84478961657307,4.336799207672449e-15,3.4260713740612344e-14,down,TRUE,0,5.114109076767015e-7
Harness control (re-run of primary at 0.58),CCDC102A,4,0.8439793924956507,0.10782319570476225,"[0.633, 1.055]",7.827438122003042,4.979115620608477e-15,3.8375622832006796e-14,up,TRUE,0,1.2247061695901605e-7
Harness control (re-run of primary at 0.58),NAP1L5,4,-0.8773199621915397,0.1126005778945539,"[-1.098, -0.657]",-7.791433921530279,6.6252959411411375e-15,4.8688221334897673e-14,down,TRUE,0,4.505147352694848e-9
Harness control (re-run of primary at 0.58),PIK3R5,4,0.7938203577405716,0.10248268291634911,"[0.593, 0.995]",7.745897503371595,9.490904819139948e-15,6.816195279200509e-14,up,TRUE,0,4.97699233103111e-9
Harness control (re-run of primary at 0.58),RAB3C,4,-0.8390488909236082,0.10953970938124603,"[-1.054, -0.624]",-7.659769189302407,1.8626753673561414e-14,1.2262612835094598e-13,down,TRUE,0,2.8424567207877787e-9
Harness control (re-run of primary at 0.58),GFAP,4,0.8272491440489974,0.11070366927640612,"[0.610, 1.044]",7.472644307602061,7.859909680856646e-14,4.599502702130926e-13,up,TRUE,0,2.0689168729755913e-8
Harness control (re-run of primary at 0.58),ITFG1,4,-0.6324748409528936,0.0856747558052059,"[-0.800, -0.465]",-7.382277720066315,1.5560418302071718e-13,7.930793844281712e-13,down,TRUE,0,1.8175358223603265e-8
Harness control (re-run of primary at 0.58),HPRT1,4,-0.7788385932641633,0.10569949944501544,"[-0.986, -0.572]",-7.368422720576011,1.7265857061595694e-13,8.66033465311784e-13,down,TRUE,0,3.456255697803546e-8
Harness control (re-run of primary at 0.58),ADAM33,4,0.8419531791290962,0.11436851660756672,"[0.618, 1.066]",7.361756575177891,1.8150573834891757e-13,8.961845830977806e-13,up,TRUE,0,2.5343786485675133e-8
Harness control (re-run of primary at 0.58),COL25A1,4,-0.8530639470218865,0.11672679410724668,"[-1.082, -0.624]",-7.308210197549889,2.707240703273485e-13,1.258070679756502e-12,down,TRUE,0,2.9843910375612844e-6
Harness control (re-run of primary at 0.58),HSPB7,3,0.8787884982191716,0.12284037545513884,"[0.638, 1.120]",7.153905993555873,8.434283688521239e-13,3.6016670886117722e-12,up,TRUE,0,1.0778377225357809e-6
Harness control (re-run of primary at 0.58),SCG2,4,-0.7751175441723156,0.11041359766778253,"[-0.992, -0.559]",-7.02012759791167,2.2166571708737137e-12,8.75579582495117e-12,down,TRUE,0,6.4233515203708944e-09
Harness control (re-run of primary at 0.58),STAT4,3,-1.0518699015540829,0.15470571491501847,"[-1.355, -0.749]",-6.799166418201722,1.0522621038565909e-11,3.5842836033560525e-11,down,TRUE,0,7.236932633408088e-5
Harness control (re-run of primary at 0.58),NUPR1,4,0.7691780000933973,0.11353918952859736,"[0.547, 0.992]",6.774559544479247,1.2478583366991169e-11,4.1507708883886405e-11,up,TRUE,0,7.830552370776694e-8
Harness control (re-run of primary at 0.58),RGS4,4,-1.192690383497791,0.17619727708445132,"[-1.538, -0.847]",-6.769062514661534,1.2961953095210171e-11,4.2226568846251697e-11,down,TRUE,0,2.3186381939012906e-5
Harness control (re-run of primary at 0.58),PRX,4,0.7713616917615478,0.1143024907540412,"[0.547, 0.995]",6.74842417407493,1.4945947234042476e-11,4.770625581775175e-11,up,TRUE,0,6.294670858474073e-7
Harness control (re-run of primary at 0.58),RPH3A,4,-1.037486211588476,0.1553217086704486,"[-1.342, -0.733]",-6.679595662894401,2.3960239465783903e-11,7.252737763171239e-11,down,TRUE,22.5949279434785,2.7547759571513264e-5
Harness control (re-run of primary at 0.58),OPN3,4,-0.6883535460743788,0.10381511390758329,"[-0.892, -0.485]",-6.630571601425536,3.3438941879262895e-11,9.783986698006549e-11,down,TRUE,0,2.1656681188247293e-5
Harness control (re-run of primary at 0.58),SERPINI1,4,-0.7576301223018119,0.11449733488726212,"[-0.982, -0.533]",-6.617010981502754,3.6653427757013536e-11,1.0529530155651164e-10,down,TRUE,0,2.6528773802515955e-8
Harness control (re-run of primary at 0.58),NCALD,4,-0.7806865845731779,0.1200981704290533,"[-1.016, -0.545]",-6.500403642987718,8.010478458836263e-11,2.163513840164324e-10,down,TRUE,0,1.9704395015950806e-5
Harness control (re-run of primary at 0.58),TMPRSS5,4,0.7976140917403818,0.12676878267781377,"[0.549, 1.046]",6.291880973311381,3.1364194654910455e-10,7.39633247085948e-10,up,TRUE,0,1.1752774323003418e-5
Harness control (re-run of primary at 0.58),CLDN9,4,0.8947674507140793,0.14323851312202351,"[0.614, 1.176]",6.246696026171644,4.192257942883618e-10,9.599663115588575e-10,up,TRUE,20.873847318440315,2.2189135268875725e-5
Harness control (re-run of primary at 0.58),MRGPRF,3,1.0697407089422342,0.172998755119848,"[0.731, 1.409]",6.183516801616012,6.26890580279167e-10,1.3852966669106066e-9,up,TRUE,27.22727415914811,0.00112726399115941
Harness control (re-run of primary at 0.58),GAD2,4,-0.9495209095328488,0.15836388029470214,"[-1.260, -0.639]",-5.995817403348974,2.0246441953036815e-9,4.049288390607363e-9,down,TRUE,0,4.3007817154762947e-5
Harness control (re-run of primary at 0.58),GAD1,4,-0.7980049119142455,0.13380470017455395,"[-1.060, -0.536]",-5.963952767527703,2.4620793557226663e-9,4.862606727552266e-9,down,TRUE,0,9.97021131331356e-6
Harness control (re-run of primary at 0.58),RAB3B,4,-0.7577744509557559,0.129875844068046,"[-1.012, -0.503]",-5.834606553615423,5.391764302039812e-9,1.0022338349674005e-8,down,TRUE,0,3.123010539618326e-6
Harness control (re-run of primary at 0.58),TRIM36,3,-0.6562236840348249,0.1143528079864708,"[-0.880, -0.432]",-5.7385882829607775,9.546899387981336e-9,1.7044181958203972e-8,down,TRUE,0,1.0737560355064964e-4
P-only reference (no magnitude gate),CHML,4,-0.7544407569081075,0.0678200956191379,"[-0.887, -0.622]",-11.124147644156588,9.571632769089795e-29,1.782898483056892e-25,down,TRUE,0,1.993715157269153e-11
P-only reference (no magnitude gate),HSPB1,4,0.9528414575370784,0.09960863707008508,"[0.758, 1.148]",9.56585177314147,1.1128131659095339e-21,1.9199300091839192e-19,up,TRUE,0,2.981812193815676e-7
P-only reference (no magnitude gate),PRELP,4,0.761820511754901,0.08226875948085077,"[0.601, 0.923]",9.260143419717243,2.0415779818657568e-20,2.064809731314574e-18,up,TRUE,0,7.178371178820047e-12
P-only reference (no magnitude gate),AEBP1,4,0.8602947395046119,0.10331161229191638,"[0.658, 1.063]",8.327183367091113,8.27884601269365e-17,3.3724799104486772e-15,up,TRUE,0,3.0756840860677184e-10
P-only reference (no magnitude gate),KANK2,4,0.7487412220850901,0.08993497981349255,"[0.572, 0.925]",8.325361540502172,8.407175080613771e-17,3.3778417138959164e-15,up,TRUE,16.582592462253047,2.083104786628493e-7
P-only reference (no magnitude gate),ITFG1,5,-0.5867112124597093,0.07122966835518113,"[-0.726, -0.447]",-8.236893783277496,1.7673926010600126e-16,6.3997067887765625e-15,down,TRUE,0,4.2088222923599474e-11
P-only reference (no magnitude gate),TCEA3,4,0.6740826553401851,0.08237218611061159,"[0.513, 0.836]",8.183377025286287,2.759979181089778e-16,9.75303486522448e-15,up,TRUE,0,1.612689975461709e-6
P-only reference (no magnitude gate),KLF15,4,0.6740632436830439,0.08293105059671813,"[0.512, 0.837]",8.127995953661763,4.364457832505637e-16,1.4884831189231436e-14,up,TRUE,6.185435565947503,7.11289934933816e-7
P-only reference (no magnitude gate),NEUROD6,5,-1.219348122806311,0.15183445666368273,"[-1.517, -0.922]",-8.030773446288274,9.686007202531394e-16,2.9287689819612975e-14,down,TRUE,0,1.1477379920119929e-7
P-only reference (no magnitude gate),NRN1,4,-0.8503450884242201,0.10710273129415472,"[-1.060, -0.640]",-7.939527574593505,2.029527688436286e-15,5.893668029884779e-14,down,TRUE,0,7.953337901794241e-7
P-only reference (no magnitude gate),ELOVL4,4,-0.7198293304259896,0.0914834924869776,"[-0.899, -0.541]",-7.868406756863323,3.591861127133362e-15,9.490926744037973e-14,down,TRUE,0,4.586018912330035e-9
P-only reference (no magnitude gate),MAS1,4,-1.4811856625824589,0.18881139392868793,"[-1.851, -1.111]",-7.84478961657307,4.336799207672449e-15,1.1157747435178327e-13,down,TRUE,0,5.114109076767015e-7
P-only reference (no magnitude gate),CCDC102A,4,0.8439793924956507,0.10782319570476225,"[0.633, 1.055]",7.827438122003042,4.979115620608477e-15,1.25894363062454e-13,up,TRUE,0,1.2247061695901605e-7
P-only reference (no magnitude gate),NAP1L5,4,-0.8773199621915397,0.1126005778945539,"[-1.098, -0.657]",-7.791433921530279,6.6252959411411375e-15,1.6193327496139132e-13,down,TRUE,0,4.505147352694848e-9
P-only reference (no magnitude gate),PIK3R5,4,0.7938203577405716,0.10248268291634911,"[0.593, 0.995]",7.745897503371595,9.490904819139948e-15,2.2269459067629975e-13,up,TRUE,0,4.97699233103111e-9
P-only reference (no magnitude gate),RAB3C,4,-0.8390488909236082,0.10953970938124603,"[-1.054, -0.624]",-7.659769189302407,1.8626753673561414e-14,3.902304894611116e-13,down,TRUE,0,2.8424567207877787e-9
P-only reference (no magnitude gate),GFAP,4,0.8272491440489974,0.11070366927640612,"[0.610, 1.044]",7.472644307602061,7.859909680856646e-14,1.4318705027299714e-12,up,TRUE,0,2.0689168729755913e-8
P-only reference (no magnitude gate),NUPR1,4,0.6884396808122335,0.0926517668596153,"[0.507, 0.870]",7.430399917309164,1.0826983062874383e-13,1.879026113811276e-12,up,TRUE,0,3.249680264469975e-6
P-only reference (no magnitude gate),HPRT1,4,-0.7788385932641633,0.10569949944501544,"[-0.986, -0.572]",-7.368422720576011,1.7265857061595694e-13,2.8610598170429476e-12,down,TRUE,0,3.456255697803546e-8
P-only reference (no magnitude gate),ADAM33,4,0.8419531791290962,0.11436851660756672,"[0.618, 1.066]",7.361756575177891,1.8150573834891757e-13,2.974057712722767e-12,up,TRUE,0,2.5343786485675133e-8
P-only reference (no magnitude gate),COL25A1,4,-0.8530639470218865,0.11672679410724668,"[-1.082, -0.624]",-7.308210197549889,2.707240703273485e-13,4.114164239741519e-12,down,TRUE,0,2.9843910375612844e-6
P-only reference (no magnitude gate),HSPB7,3,0.8787884982191716,0.12284037545513884,"[0.638, 1.120]",7.153905993555873,8.434283688521239e-13,1.1613969041517744e-11,up,TRUE,0,1.0778377225357809e-6
P-only reference (no magnitude gate),SCG2,4,-0.7751175441723156,0.11041359766778253,"[-0.992, -0.559]",-7.02012759791167,2.2166571708737137e-12,2.7317039841061355e-11,down,TRUE,0,6.4233515203708944e-09
P-only reference (no magnitude gate),STAT4,3,-1.0518699015540829,0.15470571491501847,"[-1.355, -0.749]",-6.799166418201722,1.0522621038565909e-11,1.0523566845386927e-10,down,TRUE,0,7.236932633408088e-5
P-only reference (no magnitude gate),RGS4,4,-1.192690383497791,0.17619727708445132,"[-1.538, -0.847]",-6.769062514661534,1.2961953095210171e-11,1.258854583716935e-10,down,TRUE,0,2.3186381939012906e-5
P-only reference (no magnitude gate),PRX,4,0.7713616917615478,0.1143024907540412,"[0.547, 0.995]",6.74842417407493,1.4945947234042476e-11,1.4372610897523468e-10,up,TRUE,0,6.294670858474073e-7
P-only reference (no magnitude gate),RPH3A,4,-1.037486211588476,0.1553217086704486,"[-1.342, -0.733]",-6.679595662894401,2.3960239465783903e-11,2.1231233339318488e-10,down,TRUE,22.5949279434785,2.7547759571513264e-5
P-only reference (no magnitude gate),OPN3,4,-0.6883535460743788,0.10381511390758329,"[-0.892, -0.485]",-6.630571601425536,3.3438941879262895e-11,2.8593707443696235e-10,down,TRUE,0,2.1656681188247293e-5
P-only reference (no magnitude gate),SERPINI1,4,-0.7576301223018119,0.11449733488726212,"[-0.982, -0.533]",-6.617010981502754,3.6653427757013536e-11,3.091504922342238e-10,down,TRUE,0,2.6528773802515955e-8
P-only reference (no magnitude gate),NCALD,4,-0.7806865845731779,0.1200981704290533,"[-1.016, -0.545]",-6.500403642987718,8.010478458836263e-11,6.24859928717201e-10,down,TRUE,0,1.9704395015950806e-5
P-only reference (no magnitude gate),TMPRSS5,4,0.7976140917403818,0.12676878267781377,"[0.549, 1.046]",6.291880973311381,3.1364194654910455e-10,2.07655040457906e-9,up,TRUE,0,1.1752774323003418e-5
P-only reference (no magnitude gate),CLDN9,4,0.8947674507140793,0.14323851312202351,"[0.614, 1.176]",6.246696026171644,4.192257942883618e-10,2.696467663701239e-9,up,TRUE,20.873847318440315,2.2189135268875725e-5
P-only reference (no magnitude gate),MRGPRF,3,1.0697407089422342,0.172998755119848,"[0.731, 1.409]",6.183516801616012,6.26890580279167e-10,3.912063982891057e-9,up,TRUE,27.22727415914811,0.00112726399115941
P-only reference (no magnitude gate),GAD2,4,-0.9495209095328488,0.15836388029470214,"[-1.260, -0.639]",-5.995817403348974,2.0246441953036815e-9,1.1058252187757353e-8,down,TRUE,0,4.3007817154762947e-5
P-only reference (no magnitude gate),GAD1,4,-0.7980049119142455,0.13380470017455395,"[-1.060, -0.536]",-5.963952767527703,2.4620793557226663e-9,1.3201606490556822e-8,down,TRUE,0,9.97021131331356e-6
P-only reference (no magnitude gate),RAB3B,4,-0.7577744509557559,0.129875844068046,"[-1.012, -0.503]",-5.834606553615423,5.391764302039812e-9,2.7032555039115844e-8,down,TRUE,0,3.123010539618326e-6
P-only reference (no magnitude gate),TRIM36,3,-0.6562236840348249,0.1143528079864708,"[-0.880, -0.432]",-5.7385882829607775,9.546899387981336e-9,4.5382586555833486e-8,down,TRUE,0,1.0737560355064964e-4
